fold,rank,training_index,size_ratio,captured_energy,projection_error,surrogate_error,excess_error
1,1,1,1.010101,0.9640681463938505,0.0722939573183061,0.0723634406638467,6.94833455406052e-05
1,1,6,1.060606,0.9640681463938505,0.04283363474639209,0.042838670009302894,5.035262910804694e-06
1,1,11,1.111111,0.9640681463938505,0.011179726608939048,0.014042257480990836,0.0028625308720517887
1,1,16,1.161616,0.9640681463938505,0.01576214757022298,0.015867157349697465,0.00010500977947448462
1,1,21,1.212121,0.9640681463938505,0.032909758764700044,0.03484699904498881,0.0019372402802887642
1,1,26,1.262626,0.9640681463938505,0.040586996794427385,0.04215805636605837,0.0015710595716309853
1,1,31,1.313131,0.9640681463938505,0.04415903833576122,0.04427176046807291,0.00011272213231168504
1,1,36,1.363636,0.9640681463938505,0.03603591316023891,0.03609075563393698,5.484247369807321e-05
1,1,41,1.414141,0.9640681463938505,0.030621786027958425,0.030622074986321045,2.889583626194958e-07
1,1,46,1.464646,0.9640681463938505,0.027649451009825847,0.02798077645473136,0.0003313254449055121
1,1,51,1.515152,0.9640681463938505,0.022196582453773785,0.0222276751834695,3.10927296957135e-05
1,1,56,1.565657,0.9640681463938505,0.02103134721616386,0.02349989043242163,0.0024685432162577688
1,1,61,1.616162,0.9640681463938505,0.008876844093274975,0.009491030617958664,0.0006141865246836898
1,1,66,1.666667,0.9640681463938505,0.008660900709670127,0.009268288513194943,0.0006073878035248153
1,1,71,1.717172,0.9640681463938505,0.010391152629614264,0.010474888264082893,8.373563446862839e-05
1,1,76,1.767677,0.9640681463938505,0.015836853886797883,0.01606494340181206,0.0002280895150141779
1,1,81,1.818182,0.9640681463938505,0.01894777022992518,0.01894961715221964,1.846922294462816e-06
1,1,86,1.868687,0.9640681463938505,0.02616658011625418,0.02618718139001608,2.0601273761897132e-05
1,1,91,1.919192,0.9640681463938505,0.02890000536646753,0.02892801719255455,2.801182608701963e-05
1,1,96,1.969697,0.9640681463938505,0.03222043752351271,0.03225769809315054,3.726056963782726e-05
1,2,1,1.010101,0.9966621541355719,0.013771234556057428,0.014172019291103347,0.0004007847350459195
1,2,6,1.060606,0.9966621541355719,0.013152223915928622,0.014312951606367407,0.0011607276904387846
1,2,11,1.111111,0.9966621541355719,0.008938057494594415,0.012163542154225854,0.0032254846596314387
1,2,16,1.161616,0.9966621541355719,0.011996407672936778,0.01514323541226268,0.003146827739325902
1,2,21,1.212121,0.9966621541355719,0.014584949882104256,0.02298952430406028,0.008404574421956025
1,2,26,1.262626,0.9966621541355719,0.01133635449152344,0.01410551352743813,0.00276915903591469
1,2,31,1.313131,0.9966621541355719,0.011066135960409017,0.01257281019862446,0.0015066742382154434
1,2,36,1.363636,0.9966621541355719,0.0050942653734099,0.006354565815065415,0.001260300441655515
1,2,41,1.414141,0.9966621541355719,0.006199112311698015,0.006647007430255291,0.0004478951185572762
1,2,46,1.464646,0.9966621541355719,0.009529348451514503,0.009809086102826806,0.0002797376513123031
1,2,51,1.515152,0.9966621541355719,0.008399983890942358,0.008553988655584191,0.00015400476464183348
1,2,56,1.565657,0.9966621541355719,0.009855826891040552,0.015436301177809936,0.0055804742867693845
1,2,61,1.616162,0.9966621541355719,0.008365236134998798,0.009189566047467798,0.000824329912469
1,2,66,1.666667,0.9966621541355719,0.007232869768080862,0.008209233456149184,0.000976363688068322
1,2,71,1.717172,0.9966621541355719,0.008278339186905508,0.008882715290664162,0.0006043761037586547
1,2,76,1.767677,0.9966621541355719,0.006008532898003975,0.006953159066687265,0.00094462616868329
1,2,81,1.818182,0.9966621541355719,0.004864900382175301,0.005301562367915474,0.00043666198574017316
1,2,86,1.868687,0.9966621541355719,0.006263953693303254,0.006286496470846233,2.2542777542978315e-05
1,2,91,1.919192,0.9966621541355719,0.006996903922188472,0.00710222369617056,0.00010531977398208804
1,2,96,1.969697,0.9966621541355719,0.007182930794202141,0.007510357343036383,0.00032742654883424153
1,3,1,1.010101,0.9980696719910046,0.012167212118632368,0.012972030068152257,0.0008048179495198891
1,3,6,1.060606,0.9980696719910046,0.010388935646877285,0.011781626027617802,0.0013926903807405175
1,3,11,1.111111,0.9980696719910046,0.00790666675003958,0.009653341546045597,0.0017466747960060165
1,3,16,1.161616,0.9980696719910046,0.011336173311141296,0.013078887220135671,0.0017427139089943745
1,3,21,1.212121,0.9980696719910046,0.007355528312343535,0.013899483498972088,0.0065439551866285535
1,3,26,1.262626,0.9980696719910046,0.008201097427656914,0.017303129276020256,0.009102031848363341
1,3,31,1.313131,0.9980696719910046,0.010568520800400386,0.01306280486862287,0.0024942840682224843
1,3,36,1.363636,0.9980696719910046,0.004626087846841089,0.00562281694819171,0.0009967291013506215
1,3,41,1.414141,0.9980696719910046,0.005844289479932859,0.006747338232551579,0.00090304875261872
1,3,46,1.464646,0.9980696719910046,0.009507388517202734,0.013354142055703414,0.0038467535385006794
1,3,51,1.515152,0.9980696719910046,0.004477784106547465,0.007571622645482656,0.0030938385389351914
1,3,56,1.565657,0.9980696719910046,0.008439264542619038,0.017667081804358064,0.009227817261739026
1,3,61,1.616162,0.9980696719910046,0.006271459707474256,0.006805690267823993,0.0005342305603497364
1,3,66,1.666667,0.9980696719910046,0.0071346375800915695,0.009461951772692255,0.002327314192600686
1,3,71,1.717172,0.9980696719910046,0.006268146433060416,0.00689348824034826,0.000625341807287844
1,3,76,1.767677,0.9980696719910046,0.00599940071172348,0.0063425712634848095,0.0003431705517613296
1,3,81,1.818182,0.9980696719910046,0.004846554439861125,0.005804610786682626,0.0009580563468215009
1,3,86,1.868687,0.9980696719910046,0.004917985987735941,0.005860900814519067,0.0009429148267831259
1,3,91,1.919192,0.9980696719910046,0.0059351805457901075,0.006738085396646505,0.0008029048508563976
1,3,96,1.969697,0.9980696719910046,0.004454301172667507,0.005589008013418445,0.0011347068407509377
1,4,1,1.010101,0.9985782001593143,0.01169062626182417,0.01515580292878427,0.0034651766669600986
1,4,6,1.060606,0.9985782001593143,0.01017165160183111,0.012653187886110204,0.0024815362842790945
1,4,11,1.111111,0.9985782001593143,0.007844334669353291,0.009177667820792056,0.001333333151438765
1,4,16,1.161616,0.9985782001593143,0.007231676185530372,0.011089839562978323,0.003858163377447951
1,4,21,1.212121,0.9985782001593143,0.007206280253553244,0.014851814474392674,0.00764553422083943
1,4,26,1.262626,0.9985782001593143,0.005907809618816621,0.015398171908455565,0.009490362289638943
1,4,31,1.313131,0.9985782001593143,0.006833810978462537,0.010698863814768702,0.003865052836306165
1,4,36,1.363636,0.9985782001593143,0.0043378741231419994,0.0056566522162288975,0.001318778093086898
1,4,41,1.414141,0.9985782001593143,0.005694222325162503,0.006181625012186341,0.0004874026870238376
1,4,46,1.464646,0.9985782001593143,0.007446220832115106,0.009827549970012823,0.0023813291378977173
1,4,51,1.515152,0.9985782001593143,0.004477626532035817,0.006037704368444331,0.0015600778364085145
1,4,56,1.565657,0.9985782001593143,0.006250540440187334,0.014711432525278971,0.008460892085091636
1,4,61,1.616162,0.9985782001593143,0.005252270414759064,0.008135004756230111,0.0028827343414710473
1,4,66,1.666667,0.9985782001593143,0.007133570831603744,0.010316976447654292,0.0031834056160505485
1,4,71,1.717172,0.9985782001593143,0.0051050814394872695,0.005612301218318542,0.0005072197788312726
1,4,76,1.767677,0.9985782001593143,0.005432809960087769,0.006706606297603236,0.0012737963375154667
1,4,81,1.818182,0.9985782001593143,0.004720505927163037,0.005389756319260927,0.0006692503920978895
1,4,86,1.868687,0.9985782001593143,0.00466612819066616,0.005101791729952655,0.000435663539286495
1,4,91,1.919192,0.9985782001593143,0.004687332819558128,0.0075345329783867415,0.0028472001588286137
1,4,96,1.969697,0.9985782001593143,0.0042602996365979666,0.007215915074206714,0.002955615437608748
1,6,1,1.010101,0.9990634990458154,0.01052290983382462,0.016970298961681927,0.006447389127857308
1,6,6,1.060606,0.9990634990458154,0.008603077495075127,0.012003072226729963,0.0033999947316548356
1,6,11,1.111111,0.9990634990458154,0.007189625944648745,0.00953042234962579,0.002340796404977045
1,6,16,1.161616,0.9990634990458154,0.006977023460571297,0.01007160519096131,0.003094581730390013
1,6,21,1.212121,0.9990634990458154,0.006366291700334612,0.013576489906684055,0.007210198206349443
1,6,26,1.262626,0.9990634990458154,0.005551072688646935,0.014603085584546106,0.00905201289589917
1,6,31,1.313131,0.9990634990458154,0.0064214704583984246,0.009862187792984936,0.0034407173345865115
1,6,36,1.363636,0.9990634990458154,0.0038200333525783003,0.005622025348133764,0.0018019919955554638
1,6,41,1.414141,0.9990634990458154,0.004719806544122614,0.006615370262395413,0.0018955637182727992
1,6,46,1.464646,0.9990634990458154,0.005159334365722721,0.010168985166114431,0.00500965080039171
1,6,51,1.515152,0.9990634990458154,0.00420597588063483,0.005598766339847746,0.0013927904592129165
1,6,56,1.565657,0.9990634990458154,0.006179330481683957,0.014038806941830297,0.00785947646014634
1,6,61,1.616162,0.9990634990458154,0.004693181165939224,0.00847663949829617,0.003783458332356945
1,6,66,1.666667,0.9990634990458154,0.004714463048582332,0.010747125425845914,0.006032662377263582
1,6,71,1.717172,0.9990634990458154,0.004753766379362775,0.0058599845106132795,0.0011062181312505043
1,6,76,1.767677,0.9990634990458154,0.004548626239491189,0.0062660748285586244,0.0017174485890674353
1,6,81,1.818182,0.9990634990458154,0.004388184096619323,0.005579557414510066,0.0011913733178907432
1,6,86,1.868687,0.9990634990458154,0.0037057239592595418,0.005457759618945206,0.0017520356596856645
1,6,91,1.919192,0.9990634990458154,0.003919116655216751,0.007338186225347981,0.00341906957013123
1,6,96,1.969697,0.9990634990458154,0.0038947876755506903,0.007140008822287691,0.0032452211467370005
1,8,1,1.010101,0.9993765835198967,0.00853130637296572,0.016466846248151135,0.007935539875185416
1,8,6,1.060606,0.9993765835198967,0.007123187983496254,0.011835052290419004,0.00471186430692275
1,8,11,1.111111,0.9993765835198967,0.006532542934820543,0.008865516616832209,0.0023329736820116662
1,8,16,1.161616,0.9993765835198967,0.005898715002719232,0.011829289775712567,0.005930574772993335
1,8,21,1.212121,0.9993765835198967,0.005995631941693672,0.014251111494610141,0.00825547955291647
1,8,26,1.262626,0.9993765835198967,0.004576587818245192,0.01709838483877564,0.012521797020530448
1,8,31,1.313131,0.9993765835198967,0.0060598318710939555,0.01147789145440268,0.005418059583308724
1,8,36,1.363636,0.9993765835198967,0.0036388065227360303,0.005321921128341405,0.0016831146056053743
1,8,41,1.414141,0.9993765835198967,0.00440159404277231,0.007135074591091077,0.002733480548318767
1,8,46,1.464646,0.9993765835198967,0.0047647618157156,0.012339645209038217,0.007574883393322617
1,8,51,1.515152,0.9993765835198967,0.003265154696264332,0.005885919053268913,0.0026207643570045807
1,8,56,1.565657,0.9993765835198967,0.004802164955726693,0.013959795835909197,0.009157630880182503
1,8,61,1.616162,0.9993765835198967,0.004399218498737051,0.009766318757354968,0.0053671002586179175
1,8,66,1.666667,0.9993765835198967,0.004099927181537594,0.011417726769150151,0.007317799587612557
1,8,71,1.717172,0.9993765835198967,0.0034831944545005975,0.006112096326556606,0.002628901872056009
1,8,76,1.767677,0.9993765835198967,0.003014787098794361,0.007267843093090201,0.0042530559942958405
1,8,81,1.818182,0.9993765835198967,0.003935298046730922,0.0059239952176363886,0.001988697170905466
1,8,86,1.868687,0.9993765835198967,0.003679354586901552,0.005709505078392134,0.0020301504914905823
1,8,91,1.919192,0.9993765835198967,0.0033385457303336035,0.006897799649800346,0.0035592539194667424
1,8,96,1.969697,0.9993765835198967,0.002844006337264757,0.00590203975652352,0.0030580334192587626
1,10,1,1.010101,0.9995068778608173,0.00755378959014063,0.01490702749284998,0.007353237902709349
1,10,6,1.060606,0.9995068778608173,0.00601056126715848,0.01234406747533548,0.006333506208177
1,10,11,1.111111,0.9995068778608173,0.005745320223569915,0.013119567653100399,0.007374247429530484
1,10,16,1.161616,0.9995068778608173,0.004833223929810552,0.010055510650291772,0.00522228672048122
1,10,21,1.212121,0.9995068778608173,0.005018955311331269,0.016720524988456404,0.011701569677125136
1,10,26,1.262626,0.9995068778608173,0.004546774457148054,0.0118030418539525,0.0072562673968044455
1,10,31,1.313131,0.9995068778608173,0.005215659111981073,0.010225410484565482,0.005009751372584409
1,10,36,1.363636,0.9995068778608173,0.003522348958431028,0.005972764041032254,0.0024504150826012263
1,10,41,1.414141,0.9995068778608173,0.004118422746579346,0.006534306773599275,0.002415884027019929
1,10,46,1.464646,0.9995068778608173,0.004141650011094208,0.00895006687960504,0.004808416868510831
1,10,51,1.515152,0.9995068778608173,0.0031493500095679384,0.005250373875600582,0.002101023866032643
1,10,56,1.565657,0.9995068778608173,0.004295138685402154,0.015090951656021331,0.010795812970619177
1,10,61,1.616162,0.9995068778608173,0.004196724967554715,0.006296890383659593,0.002100165416104878
1,10,66,1.666667,0.9995068778608173,0.0037740452418105826,0.008619118725260617,0.004845073483450035
1,10,71,1.717172,0.9995068778608173,0.0032404450739376314,0.006867160629463775,0.0036267155555261437
1,10,76,1.767677,0.9995068778608173,0.0029906790348320695,0.007376711296584592,0.004386032261752522
1,10,81,1.818182,0.9995068778608173,0.003862521344227632,0.005670365321519725,0.0018078439772920931
1,10,86,1.868687,0.9995068778608173,0.003533994282408703,0.005876367643688352,0.002342373361279649
1,10,91,1.919192,0.9995068778608173,0.0031675465724245594,0.007588641512287483,0.004421094939862924
1,10,96,1.969697,0.9995068778608173,0.0028074954985862427,0.005884458487451172,0.003076962988864929
1,15,1,1.010101,0.9996720779832149,0.006372681065654391,0.02400719715823603,0.01763451609258164
1,15,6,1.060606,0.9996720779832149,0.0049727680056528105,0.01924623995571587,0.014273471950063059
1,15,11,1.111111,0.9996720779832149,0.0046346235905776936,0.011484741105222445,0.0068501175146447515
1,15,16,1.161616,0.9996720779832149,0.004105952188166185,0.01678759888380885,0.012681646695642665
1,15,21,1.212121,0.9996720779832149,0.004348786437745473,0.022259137159714375,0.017910350721968903
1,15,26,1.262626,0.9996720779832149,0.0037286617436247593,0.01239472201379601,0.00866606027017125
1,15,31,1.313131,0.9996720779832149,0.004615594232927859,0.013040832766914753,0.008425238533986894
1,15,36,1.363636,0.9996720779832149,0.0032469490449028265,0.0075104970119994055,0.004263547967096579
1,15,41,1.414141,0.9996720779832149,0.0037684676341364393,0.007121768789659782,0.0033533011555233424
1,15,46,1.464646,0.9996720779832149,0.0037837981120713493,0.008991082472677128,0.005207284360605778
1,15,51,1.515152,0.9996720779832149,0.002731478905452568,0.0060331546304229575,0.0033016757249703897
1,15,56,1.565657,0.9996720779832149,0.003691920731866752,0.01550948378066149,0.011817563048794737
1,15,61,1.616162,0.9996720779832149,0.0031340035772627005,0.006389725891393922,0.0032557223141312214
1,15,66,1.666667,0.9996720779832149,0.0031882702007982803,0.010382760762383514,0.007194490561585233
1,15,71,1.717172,0.9996720779832149,0.0028815206257193997,0.011797290709548436,0.008915770083829036
1,15,76,1.767677,0.9996720779832149,0.0028505177683236893,0.010983394862154093,0.008132877093830404
1,15,81,1.818182,0.9996720779832149,0.0028123055239248637,0.005524920555990993,0.002712615032066129
1,15,86,1.868687,0.9996720779832149,0.003038735628728255,0.006655866346013435,0.0036171307172851797
1,15,91,1.919192,0.9996720779832149,0.003114476831890961,0.010724226229615951,0.00760974939772499
1,15,96,1.969697,0.9996720779832149,0.002535195113427806,0.010910841573710866,0.00837564646028306
1,20,1,1.010101,0.999766685996463,0.005811043292492395,0.016527349749001004,0.010716306456508609
1,20,6,1.060606,0.999766685996463,0.004842665071375402,0.01539612644302316,0.010553461371647758
1,20,11,1.111111,0.999766685996463,0.0041966549870344335,0.013931988788592703,0.00973533380155827
1,20,16,1.161616,0.999766685996463,0.004021612007537826,0.015425613632140471,0.011404001624602644
1,20,21,1.212121,0.999766685996463,0.004200100195993893,0.024938974883009394,0.0207388746870155
1,20,26,1.262626,0.999766685996463,0.0035886052715599632,0.009469322012314006,0.0058807167407540425
1,20,31,1.313131,0.999766685996463,0.00377819587585511,0.011045596863504722,0.007267400987649612
1,20,36,1.363636,0.999766685996463,0.0028068243918785863,0.009195496939875999,0.006388672547997413
1,20,41,1.414141,0.999766685996463,0.0032536180726116465,0.008642160076927146,0.0053885420043155
1,20,46,1.464646,0.999766685996463,0.0036375719324506033,0.010050672840053718,0.006413100907603114
1,20,51,1.515152,0.999766685996463,0.002629002397761972,0.006184047017319743,0.003555044619557771
1,20,56,1.565657,0.999766685996463,0.003283878056518951,0.014933205601711054,0.011649327545192103
1,20,61,1.616162,0.999766685996463,0.0029456659747081064,0.006618735247814794,0.003673069273106687
1,20,66,1.666667,0.999766685996463,0.002989108557183171,0.00848037538799499,0.005491266830811819
1,20,71,1.717172,0.999766685996463,0.0027528892867385163,0.008622146151668125,0.005869256864929609
1,20,76,1.767677,0.999766685996463,0.002563225901408631,0.010095521354858422,0.007532295453449791
1,20,81,1.818182,0.999766685996463,0.002598890013003231,0.006968173681867878,0.0043692836688646475
1,20,86,1.868687,0.999766685996463,0.002371062176762621,0.005401979726317126,0.0030309175495545045
1,20,91,1.919192,0.999766685996463,0.0029561425316015763,0.007965594486676773,0.005009451955075197
1,20,96,1.969697,0.999766685996463,0.0023447089066389606,0.007580351024758223,0.005235642118119263
2,1,2,1.020202,0.9647325981770498,0.07228545735273532,0.07228780617461922,2.348821883893515e-06
2,1,7,1.070707,0.9647325981770498,0.041410374359143284,0.041506598830868754,9.62244717254701e-05
2,1,12,1.121212,0.9647325981770498,0.01548351642874197,0.01824466459965193,0.0027611481709099595
2,1,17,1.171717,0.9647325981770498,0.022588194928401778,0.023065002060630557,0.00047680713222877924
2,1,22,1.222222,0.9647325981770498,0.03742104682673676,0.03847381811484211,0.001052771288105346
2,1,27,1.272727,0.9647325981770498,0.03942738861294749,0.03957657149060206,0.00014918287765456478
2,1,32,1.323232,0.9647325981770498,0.03719290970211751,0.03817680550208558,0.0009838957999680695
2,1,37,1.373737,0.9647325981770498,0.03250145846285462,0.03299538997798084,0.0004939315151262225
2,1,42,1.424242,0.9647325981770498,0.03317922060482296,0.035329868525992875,0.0021506479211699167
2,1,47,1.474747,0.9647325981770498,0.02694087827136913,0.0276133218595063,0.0006724435881371692
2,1,52,1.525253,0.9647325981770498,0.020755300981708975,0.021691405224360718,0.0009361042426517426
2,1,57,1.575758,0.9647325981770498,0.012229720312045668,0.01223851146772675,8.791155681081922e-06
2,1,62,1.626263,0.9647325981770498,0.010787040194382045,0.011203374316328908,0.00041633412194686317
2,1,67,1.676768,0.9647325981770498,0.009826043364115635,0.01011369128630395,0.00028764792218831554
2,1,72,1.727273,0.9647325981770498,0.012225377039424851,0.012247025409431716,2.1648370006864537e-05
2,1,77,1.777778,0.9647325981770498,0.018846482995363227,0.01937078448929754,0.0005243014939343114
2,1,82,1.828283,0.9647325981770498,0.0187337283436396,0.018843595933192375,0.00010986758955277426
2,1,87,1.878788,0.9647325981770498,0.029296490208214752,0.029666879356285532,0.0003703891480707801
2,1,92,1.929293,0.9647325981770498,0.029036500182869237,0.029095122086712815,5.862190384357813e-05
2,1,97,1.979798,0.9647325981770498,0.03674181689535763,0.03676714230764782,2.5325412290187754e-05
2,2,2,1.020202,0.9967672122256948,0.01561511900035122,0.01988523827467638,0.004270119274325159
2,2,7,1.070707,0.9967672122256948,0.006716136906068279,0.011726960670314045,0.005010823764245767
2,2,12,1.121212,0.9967672122256948,0.015258842756367862,0.01801126461530697,0.0027524218589391088
2,2,17,1.171717,0.9967672122256948,0.014072019167899106,0.014137261570911478,6.524240301237182e-05
2,2,22,1.222222,0.9967672122256948,0.00858332693024831,0.01064271398695361,0.0020593870567053012
2,2,27,1.272727,0.9967672122256948,0.010446290871994161,0.011886203383390788,0.0014399125113966262
2,2,32,1.323232,0.9967672122256948,0.008069606735586972,0.01248229996006368,0.004412693224476709
2,2,37,1.373737,0.9967672122256948,0.007305782944913318,0.011671054770995703,0.004365271826082385
2,2,42,1.424242,0.9967672122256948,0.008785287974414344,0.012580491703709293,0.0037952037292949495
2,2,47,1.474747,0.9967672122256948,0.010108288479626122,0.013406939160922735,0.003298650681296613
2,2,52,1.525253,0.9967672122256948,0.008023382520731833,0.00945022220291137,0.001426839682179536
2,2,57,1.575758,0.9967672122256948,0.0077257425387505015,0.007742327241846723,1.6584703096221044e-05
2,2,62,1.626263,0.9967672122256948,0.009386022735493143,0.010301933098689932,0.0009159103631967893
2,2,67,1.676768,0.9967672122256948,0.008610387875786095,0.008757367980874928,0.00014698010508883315
2,2,72,1.727273,0.9967672122256948,0.006879072162332299,0.007132557694111778,0.0002534855317794793
2,2,77,1.777778,0.9967672122256948,0.006124365681090502,0.007199453785914844,0.001075088104824342
2,2,82,1.828283,0.9967672122256948,0.005663025454319683,0.007319598607115549,0.001656573152795866
2,2,87,1.878788,0.9967672122256948,0.006472306230643018,0.008181497325863735,0.0017091910952207164
2,2,92,1.929293,0.9967672122256948,0.007216782950690443,0.007694086755702289,0.00047730380501184635
2,2,97,1.979798,0.9967672122256948,0.011140103204167534,0.011284640455029952,0.00014453725086241778
2,3,2,1.020202,0.9980913116762256,0.011830052642270305,0.015611296576863406,0.003781243934593101
2,3,7,1.070707,0.9980913116762256,0.0053956407716060405,0.009992886082364805,0.004597245310758765
2,3,12,1.121212,0.9980913116762256,0.01212514000827224,0.01635404418229352,0.004228904174021279
2,3,17,1.171717,0.9980913116762256,0.01262635047226034,0.012719642238893504,9.329176663316376e-05
2,3,22,1.222222,0.9980913116762256,0.008285667756612984,0.014462832868718814,0.00617716511210583
2,3,27,1.272727,0.9980913116762256,0.008865098574259975,0.008931999882590878,6.690130833090363e-05
2,3,32,1.323232,0.9980913116762256,0.007537697109965024,0.014520007992686603,0.006982310882721578
2,3,37,1.373737,0.9980913116762256,0.00680893710738903,0.010675554776125125,0.0038666176687360944
2,3,42,1.424242,0.9980913116762256,0.00877479576334656,0.01590211476991513,0.00712731900656857
2,3,47,1.474747,0.9980913116762256,0.006457574448967267,0.008883778600232116,0.002426204151264849
2,3,52,1.525253,0.9980913116762256,0.006543072290078495,0.009921872157491952,0.003378799867413457
2,3,57,1.575758,0.9980913116762256,0.005090527530197741,0.005241461131248352,0.000150933601050611
2,3,62,1.626263,0.9980913116762256,0.005760024035271429,0.007578627644984616,0.0018186036097131873
2,3,67,1.676768,0.9980913116762256,0.005519930711747901,0.0061130667842110315,0.0005931360724631303
2,3,72,1.727273,0.9980913116762256,0.005918494096376666,0.006100943372423888,0.00018244927604722187
2,3,77,1.777778,0.9980913116762256,0.0060886991620907275,0.007646264479070828,0.0015575653169801005
2,3,82,1.828283,0.9980913116762256,0.00561728337200657,0.007041052435391386,0.0014237690633848157
2,3,87,1.878788,0.9980913116762256,0.005529470425552304,0.007794870737359123,0.002265400311806819
2,3,92,1.929293,0.9980913116762256,0.004710125843815736,0.00554284165749506,0.0008327158136793239
2,3,97,1.979798,0.9980913116762256,0.004729936258593841,0.005875526244294306,0.0011455899857004646
2,4,2,1.020202,0.9985892092505457,0.009824393084458703,0.01456272566316478,0.0047383325787060775
2,4,7,1.070707,0.9985892092505457,0.005394622893098465,0.012704226652359037,0.007309603759260572
2,4,12,1.121212,0.9985892092505457,0.010173107518518361,0.018200259420246275,0.008027151901727914
2,4,17,1.171717,0.9985892092505457,0.00813525803014491,0.012671803590029973,0.004536545559885063
2,4,22,1.222222,0.9985892092505457,0.008079184493910955,0.014576665861056515,0.00649748136714556
2,4,27,1.272727,0.9985892092505457,0.007220948967518535,0.009758957099143166,0.002538008131624631
2,4,32,1.323232,0.9985892092505457,0.006321587192143884,0.01055421755111897,0.004232630358975085
2,4,37,1.373737,0.9985892092505457,0.006783633123827464,0.00957247381196219,0.002788840688134726
2,4,42,1.424242,0.9985892092505457,0.008355844356742574,0.016148300081231585,0.007792455724489011
2,4,47,1.474747,0.9985892092505457,0.005461681133331851,0.009212794160534738,0.003751113027202887
2,4,52,1.525253,0.9985892092505457,0.006493642571262341,0.008753115059627331,0.00225947248836499
2,4,57,1.575758,0.9985892092505457,0.0037373816693418932,0.0052936669341986245,0.0015562852648567313
2,4,62,1.626263,0.9985892092505457,0.005725747594623853,0.006664333411669925,0.0009385858170460719
2,4,67,1.676768,0.9985892092505457,0.00547751421897275,0.00636408682000502,0.0008865726010322704
2,4,72,1.727273,0.9985892092505457,0.005040291484451447,0.005838889512866469,0.0007985980284150214
2,4,77,1.777778,0.9985892092505457,0.004280272061928624,0.006064160013214523,0.0017838879512858995
2,4,82,1.828283,0.9985892092505457,0.00490880812235266,0.007709956678242142,0.002801148555889482
2,4,87,1.878788,0.9985892092505457,0.004901661742697384,0.008438530286207342,0.003536868543509958
2,4,92,1.929293,0.9985892092505457,0.004434453031728744,0.0058982554453861,0.001463802413657356
2,4,97,1.979798,0.9985892092505457,0.00392277660324271,0.005445922052279847,0.0015231454490371365
2,6,2,1.020202,0.9990787905744972,0.007286761257483132,0.013616878218824607,0.0063301169613414745
2,6,7,1.070707,0.9990787905744972,0.005254605445605667,0.011205459161234919,0.005950853715629252
2,6,12,1.121212,0.9990787905744972,0.009958891761970732,0.016774121166079837,0.006815229404109105
2,6,17,1.171717,0.9990787905744972,0.0059823580068620215,0.010533124366365365,0.004550766359503343
2,6,22,1.222222,0.9990787905744972,0.0064449375306788554,0.01214611064567579,0.005701173114996935
2,6,27,1.272727,0.9990787905744972,0.007174370769812214,0.010061790830367685,0.002887420060555471
2,6,32,1.323232,0.9990787905744972,0.005214607950679742,0.011270682376108506,0.006056074425428764
2,6,37,1.373737,0.9990787905744972,0.005810011924120667,0.010536480680259896,0.0047264687561392295
2,6,42,1.424242,0.9990787905744972,0.007980787535221665,0.014372565986529222,0.006391778451307556
2,6,47,1.474747,0.9990787905744972,0.005264888112507904,0.00996718100525779,0.004702292892749886
2,6,52,1.525253,0.9990787905744972,0.006344588585935409,0.00910495246856136,0.0027603638826259507
2,6,57,1.575758,0.9990787905744972,0.0036269934657124667,0.005224971594447644,0.0015979781287351774
2,6,62,1.626263,0.9990787905744972,0.0044090904416967435,0.007609075906603289,0.0031999854649065454
2,6,67,1.676768,0.9990787905744972,0.0038796599327026713,0.006378117791371746,0.0024984578586690746
2,6,72,1.727273,0.9990787905744972,0.004059973575542061,0.005897936351207442,0.0018379627756653812
2,6,77,1.777778,0.9990787905744972,0.004194084605146271,0.006504852101460456,0.002310767496314185
2,6,82,1.828283,0.9990787905744972,0.004665045127540889,0.00722811044278662,0.0025630653152457312
2,6,87,1.878788,0.9990787905744972,0.004208431840622086,0.008284120921710849,0.004075689081088763
2,6,92,1.929293,0.9990787905744972,0.004083592233722383,0.006194013723392722,0.0021104214896703393
2,6,97,1.979798,0.9990787905744972,0.003543015662965962,0.005552716731266407,0.0020097010683004447
2,8,2,1.020202,0.9993655053168574,0.0071451804343534145,0.01426879492650747,0.007123614492154055
2,8,7,1.070707,0.9993655053168574,0.005011894578924415,0.011248494639930513,0.006236600061006098
2,8,12,1.121212,0.9993655053168574,0.007989333963747939,0.01569661566723521,0.00770728170348727
2,8,17,1.171717,0.9993655053168574,0.005942838859568662,0.01068921060824063,0.004746371748671969
2,8,22,1.222222,0.9993655053168574,0.005502973418867636,0.012756329652816463,0.007253356233948826
2,8,27,1.272727,0.9993655053168574,0.0050355652045033375,0.010038145096302837,0.0050025798917995
2,8,32,1.323232,0.9993655053168574,0.003858792535850781,0.010667148246107415,0.006808355710256634
2,8,37,1.373737,0.9993655053168574,0.0052595930461017595,0.00998649667352307,0.00472690362742131
2,8,42,1.424242,0.9993655053168574,0.004887695251995438,0.014360006027166937,0.0094723107751715
2,8,47,1.474747,0.9993655053168574,0.004143711934038459,0.01135516881716515,0.007211456883126691
2,8,52,1.525253,0.9993655053168574,0.004408360725268889,0.007583916703644333,0.003175555978375444
2,8,57,1.575758,0.9993655053168574,0.003291205581391876,0.005851478831850666,0.00256027325045879
2,8,62,1.626263,0.9993655053168574,0.0035141647969249294,0.007009553088971813,0.003495388292046884
2,8,67,1.676768,0.9993655053168574,0.0036692071671547088,0.006614049986118957,0.002944842818964248
2,8,72,1.727273,0.9993655053168574,0.0035621966668536145,0.006174252222414784,0.00261205555556117
2,8,77,1.777778,0.9993655053168574,0.003402920489081203,0.0062403946933586975,0.0028374742042774946
2,8,82,1.828283,0.9993655053168574,0.0041892362085700794,0.008629185124268857,0.004439948915698777
2,8,87,1.878788,0.9993655053168574,0.0032077020688552945,0.006386739051586194,0.0031790369827309
2,8,92,1.929293,0.9993655053168574,0.003242098909953989,0.006245023866958732,0.003002924957004743
2,8,97,1.979798,0.9993655053168574,0.0031658831711875346,0.004529077435306759,0.0013631942641192242
2,10,2,1.020202,0.9995043384737867,0.007064490330334673,0.01538285294420263,0.008318362613867956
2,10,7,1.070707,0.9995043384737867,0.004977901782490667,0.011985531350702868,0.007007629568212202
2,10,12,1.121212,0.9995043384737867,0.0066333116869389,0.013290619237338675,0.006657307550399775
2,10,17,1.171717,0.9995043384737867,0.005572906648337498,0.01052905723344687,0.004956150585109373
2,10,22,1.222222,0.9995043384737867,0.00488678926744005,0.011890617299155026,0.007003828031714976
2,10,27,1.272727,0.9995043384737867,0.004543934334856567,0.010060597747664903,0.005516663412808336
2,10,32,1.323232,0.9995043384737867,0.003786019501178616,0.011486207626660316,0.0077001881254817
2,10,37,1.373737,0.9995043384737867,0.004450825035049674,0.010676491261685109,0.006225666226635435
2,10,42,1.424242,0.9995043384737867,0.004048928675782793,0.014034837458447542,0.009985908782664749
2,10,47,1.474747,0.9995043384737867,0.004063873849711077,0.010968957468469912,0.006905083618758835
2,10,52,1.525253,0.9995043384737867,0.00394579589789501,0.007988564387844973,0.004042768489949963
2,10,57,1.575758,0.9995043384737867,0.0030257319625674726,0.0058992433801250965,0.002873511417557624
2,10,62,1.626263,0.9995043384737867,0.0034524854181839353,0.006981735378207212,0.003529249960023277
2,10,67,1.676768,0.9995043384737867,0.0034143945506289663,0.007036364937430944,0.003621970386801978
2,10,72,1.727273,0.9995043384737867,0.003557320687038851,0.005641258083781281,0.0020839373967424303
2,10,77,1.777778,0.9995043384737867,0.003274812823007818,0.006526830803109788,0.00325201798010197
2,10,82,1.828283,0.9995043384737867,0.0036641919476266232,0.008084765776924274,0.00442057382929765
2,10,87,1.878788,0.9995043384737867,0.0030742737423538544,0.006601202722410095,0.0035269289800562405
2,10,92,1.929293,0.9995043384737867,0.003140722722653008,0.006344228201581365,0.0032035054789283568
2,10,97,1.979798,0.9995043384737867,0.002911363549301106,0.0048517243376800185,0.0019403607883789124
2,15,2,1.020202,0.9996822685388249,0.006576427405043434,0.016317836765151906,0.009741409360108472
2,15,7,1.070707,0.9996822685388249,0.004594539032675244,0.011211590790019727,0.006617051757344483
2,15,12,1.121212,0.9996822685388249,0.005438180494309358,0.019534317900377685,0.014096137406068326
2,15,17,1.171717,0.9996822685388249,0.005167751606637961,0.012531650046615538,0.007363898439977577
2,15,22,1.222222,0.9996822685388249,0.004292169875987202,0.0139334784593181,0.009641308583330899
2,15,27,1.272727,0.9996822685388249,0.0036709430628929893,0.0115244266187025,0.007853483555809511
2,15,32,1.323232,0.9996822685388249,0.0036805439942518866,0.00864541211546082,0.0049648681212089325
2,15,37,1.373737,0.9996822685388249,0.004157254086504369,0.00989418756263162,0.005736933476127252
2,15,42,1.424242,0.9996822685388249,0.0031192609686164882,0.01549627315839804,0.012377012189781553
2,15,47,1.474747,0.9996822685388249,0.0032145323364649696,0.009826333522386443,0.006611801185921473
2,15,52,1.525253,0.9996822685388249,0.0031743858935070267,0.009818764231497816,0.006644378337990789
2,15,57,1.575758,0.9996822685388249,0.002926748929990424,0.005064425194670208,0.002137676264679784
2,15,62,1.626263,0.9996822685388249,0.0033594830007333994,0.00717482651041004,0.003815343509676641
2,15,67,1.676768,0.9996822685388249,0.0032583984652875277,0.00792988323814533,0.004671484772857802
2,15,72,1.727273,0.9996822685388249,0.0029812931850395465,0.006426287928495612,0.0034449947434560656
2,15,77,1.777778,0.9996822685388249,0.002987258514813293,0.01031155679430562,0.007324298279492328
2,15,82,1.828283,0.9996822685388249,0.003328626675082547,0.007612684348478502,0.004284057673395954
2,15,87,1.878788,0.9996822685388249,0.0027749756381425248,0.00781592324573152,0.005040947607588996
2,15,92,1.929293,0.9996822685388249,0.0028107114130249224,0.007502102305375357,0.004691390892350435
2,15,97,1.979798,0.9996822685388249,0.002491406926418652,0.010943878550484632,0.00845247162406598
2,20,2,1.020202,0.9997718413776301,0.0056861808281069215,0.02174228604392431,0.01605610521581739
2,20,7,1.070707,0.9997718413776301,0.004351863200536839,0.01119563199751987,0.006843768796983031
2,20,12,1.121212,0.9997718413776301,0.004876585580432383,0.0213974942393541,0.016520908658921717
2,20,17,1.171717,0.9997718413776301,0.005059427859192985,0.015241569077853422,0.010182141218660436
2,20,22,1.222222,0.9997718413776301,0.0037029740894201626,0.017888377171207167,0.014185403081787003
2,20,27,1.272727,0.9997718413776301,0.003548482866261649,0.009111182728319582,0.005562699862057933
2,20,32,1.323232,0.9997718413776301,0.0034914515098181664,0.008710079443396601,0.005218627933578435
2,20,37,1.373737,0.9997718413776301,0.003906516225478099,0.010956123714199522,0.007049607488721423
2,20,42,1.424242,0.9997718413776301,0.0029296004257089283,0.020213149840179478,0.01728354941447055
2,20,47,1.474747,0.9997718413776301,0.003001202671988685,0.011393141956564207,0.008391939284575522
2,20,52,1.525253,0.9997718413776301,0.0029659027182409653,0.008900594586444736,0.005934691868203771
2,20,57,1.575758,0.9997718413776301,0.002443403584882714,0.011142227915282124,0.00869882433039941
2,20,62,1.626263,0.9997718413776301,0.003156918187392947,0.009399102490485584,0.006242184303092637
2,20,67,1.676768,0.9997718413776301,0.0029713141420094173,0.010470189805120088,0.007498875663110671
2,20,72,1.727273,0.9997718413776301,0.0024652596515793547,0.006842740280852284,0.004377480629272929
2,20,77,1.777778,0.9997718413776301,0.0025263633047604393,0.00936628019935921,0.0068399168945987715
2,20,82,1.828283,0.9997718413776301,0.0029470209835715526,0.006938050297883834,0.003991029314312281
2,20,87,1.878788,0.9997718413776301,0.0026988969643133953,0.006414312815476968,0.003715415851163573
2,20,92,1.929293,0.9997718413776301,0.002669476264266862,0.00954780575432088,0.006878329490054017
2,20,97,1.979798,0.9997718413776301,0.0022542042082133546,0.01083545735246216,0.008581253144248804
3,1,3,1.030303,0.9636202855282007,0.056196433142799734,0.06010989637083245,0.003913463228032717
3,1,8,1.080808,0.9636202855282007,0.029466483778392862,0.029762863419726834,0.00029637964133397143
3,1,13,1.131313,0.9636202855282007,0.007891969395937871,0.008223092049481113,0.00033112265354324176
3,1,18,1.181818,0.9636202855282007,0.026943135656052844,0.026944034964886458,8.993088336135824e-07
3,1,23,1.232323,0.9636202855282007,0.03439847874830308,0.03557780566395371,0.0011793269156506261
3,1,28,1.282828,0.9636202855282007,0.03896759642964069,0.03928322557214852,0.00031562914250782975
3,1,33,1.333333,0.9636202855282007,0.03724163620043241,0.03790470238487662,0.0006630661844442137
3,1,38,1.383838,0.9636202855282007,0.034270119826429433,0.03427201655383614,1.896727406705545e-06
3,1,43,1.434343,0.9636202855282007,0.03276184548553288,0.032762711321805284,8.658362724012214e-07
3,1,48,1.484848,0.9636202855282007,0.019510108852444665,0.020036886412978308,0.0005267775605336429
3,1,53,1.535354,0.9636202855282007,0.016409921170894418,0.016654168972920966,0.00024424780202654886
3,1,58,1.585859,0.9636202855282007,0.010261212078512685,0.010454829691797257,0.00019361761328457253
3,1,63,1.636364,0.9636202855282007,0.008522969513171823,0.008551221519226071,2.825200605424856e-05
3,1,68,1.686869,0.9636202855282007,0.008357952430965562,0.00914053356116203,0.0007825811301964674
3,1,73,1.737374,0.9636202855282007,0.016934361153620056,0.018394096759619054,0.0014597356059989977
3,1,78,1.787879,0.9636202855282007,0.015821937455470864,0.01607403189517911,0.0002520944397082468
3,1,83,1.838384,0.9636202855282007,0.026660001284205002,0.026676911000796513,1.6909716591510804e-05
3,1,88,1.888889,0.9636202855282007,0.02785130758835659,0.02828464424056373,0.00043333665220713843
3,1,93,1.939394,0.9636202855282007,0.034173782697101196,0.03423949173501915,6.570903791795063e-05
3,1,98,1.989899,0.9636202855282007,0.037671052092415606,0.037911622424574506,0.00024057033215890006
3,2,3,1.030303,0.9966807537441779,0.00861557453277332,0.016419284227700528,0.0078037096949272085
3,2,8,1.080808,0.9966807537441779,0.01160222701396438,0.011856051045085489,0.0002538240311211089
3,2,13,1.131313,0.9966807537441779,0.006756920680418389,0.011341326147773048,0.004584405467354659
3,2,18,1.181818,0.9966807537441779,0.011484467580984965,0.014936372705960814,0.003451905124975849
3,2,23,1.232323,0.9966807537441779,0.01281302961621624,0.02055572751801488,0.007742697901798641
3,2,28,1.282828,0.9966807537441779,0.006879787275222131,0.009251043430933912,0.0023712561557117815
3,2,33,1.333333,0.9966807537441779,0.00675237711658258,0.007848898356340986,0.0010965212397584063
3,2,38,1.383838,0.9966807537441779,0.007155344261002864,0.008645977086197814,0.0014906328251949492
3,2,43,1.434343,0.9966807537441779,0.009222954550538079,0.010716795466673338,0.0014938409161352594
3,2,48,1.484848,0.9966807537441779,0.009218459267716982,0.013399851267977466,0.004181392000260483
3,2,53,1.535354,0.9966807537441779,0.007952650929766032,0.008193130953901393,0.00024048002413536163
3,2,58,1.585859,0.9966807537441779,0.007201473459695735,0.007620665027415865,0.00041919156772012977
3,2,63,1.636364,0.9966807537441779,0.008154925764045364,0.008216909580520336,6.198381647497253e-05
3,2,68,1.686869,0.9966807537441779,0.00612348636589072,0.00810543039541743,0.0019819440295267103
3,2,73,1.737374,0.9966807537441779,0.007084850467146076,0.009644151481197736,0.00255930101405166
3,2,78,1.787879,0.9966807537441779,0.007350631838701567,0.009322758762501725,0.001972126923800158
3,2,83,1.838384,0.9966807537441779,0.006759216867916601,0.007426363530596809,0.000667146662680208
3,2,88,1.888889,0.9966807537441779,0.00829368095264885,0.009815402568103065,0.0015217216154542156
3,2,93,1.939394,0.9966807537441779,0.009408859389712082,0.009649769566317183,0.00024091017660510076
3,2,98,1.989899,0.9966807537441779,0.013157089486516034,0.013569128512419695,0.0004120390259036606
3,3,3,1.030303,0.9979997762090296,0.007045776759164492,0.017943494456214147,0.010897717697049655
3,3,8,1.080808,0.9979997762090296,0.01045618752760565,0.013473744113107443,0.0030175565855017922
3,3,13,1.131313,0.9979997762090296,0.006241094041121112,0.009449261938856863,0.003208167897735751
3,3,18,1.181818,0.9979997762090296,0.007774809448667898,0.008416271022915494,0.0006414615742475959
3,3,23,1.232323,0.9979997762090296,0.006963720948945938,0.012200949430643019,0.005237228481697081
3,3,28,1.282828,0.9979997762090296,0.006719740006684599,0.00820886047624641,0.0014891204695618113
3,3,33,1.333333,0.9979997762090296,0.006569850484088299,0.009378120138858949,0.0028082696547706495
3,3,38,1.383838,0.9979997762090296,0.005435655631804443,0.006762894960514483,0.0013272393287100401
3,3,43,1.434343,0.9979997762090296,0.008413705713143683,0.008705643113593951,0.0002919374004502675
3,3,48,1.484848,0.9979997762090296,0.006441925109448726,0.009266097566752922,0.002824172457304195
3,3,53,1.535354,0.9979997762090296,0.005042470505652467,0.005886959236644353,0.000844488730991886
3,3,58,1.585859,0.9979997762090296,0.0053779369915880545,0.00579337567852395,0.00041543868693589506
3,3,63,1.636364,0.9979997762090296,0.004782677898524772,0.005366737398140908,0.0005840594996161363
3,3,68,1.686869,0.9979997762090296,0.005098661925001797,0.005733590881578736,0.0006349289565769382
3,3,73,1.737374,0.9979997762090296,0.006837378431465815,0.011636278860455066,0.004798900428989251
3,3,78,1.787879,0.9979997762090296,0.0066501853750908,0.008110839265595027,0.001460653890504227
3,3,83,1.838384,0.9979997762090296,0.0056327990581719655,0.0066924003133061235,0.001059601255134158
3,3,88,1.888889,0.9979997762090296,0.006447375635539063,0.008408643214983974,0.0019612675794449105
3,3,93,1.939394,0.9979997762090296,0.00485920807646261,0.006191616808872713,0.0013324087324101033
3,3,98,1.989899,0.9979997762090296,0.008991029130825196,0.011186706445574722,0.002195677314749527
3,4,3,1.030303,0.998532764044919,0.006935145710968699,0.019799159000798913,0.012864013289830214
3,4,8,1.080808,0.998532764044919,0.007175759782339557,0.01152291156049195,0.004347151778152393
3,4,13,1.131313,0.998532764044919,0.00611217043497954,0.007166364005765019,0.001054193570785479
3,4,18,1.181818,0.998532764044919,0.007758622151633709,0.009547376100564227,0.001788753948930518
3,4,23,1.232323,0.998532764044919,0.00590156767586086,0.013296388196359204,0.007394820520498344
3,4,28,1.282828,0.998532764044919,0.005925044309947749,0.012686876695588054,0.006761832385640305
3,4,33,1.333333,0.998532764044919,0.006556837502229716,0.01337807620853857,0.006821238706308853
3,4,38,1.383838,0.998532764044919,0.00542294446540269,0.007504806371848776,0.0020818619064460857
3,4,43,1.434343,0.998532764044919,0.00507177710264453,0.00770447535571362,0.0026326982530690893
3,4,48,1.484848,0.998532764044919,0.005848489949676438,0.008996390544791654,0.003147900595115216
3,4,53,1.535354,0.998532764044919,0.00489202708929274,0.0058883477139115665,0.0009963206246188265
3,4,58,1.585859,0.998532764044919,0.005017876588741939,0.005927701542401952,0.000909824953660013
3,4,63,1.636364,0.998532764044919,0.004779998522039835,0.005274422071847569,0.000494423549807734
3,4,68,1.686869,0.998532764044919,0.004459429922221587,0.006415644491144674,0.001956214568923087
3,4,73,1.737374,0.998532764044919,0.005101042800269894,0.010135147451449049,0.005034104651179155
3,4,78,1.787879,0.998532764044919,0.005451746637690002,0.00807560597261536,0.0026238593349253575
3,4,83,1.838384,0.998532764044919,0.004874473065457339,0.0063299612955857315,0.0014554882301283925
3,4,88,1.888889,0.998532764044919,0.006368347171563149,0.007301149649831135,0.0009328024782679859
3,4,93,1.939394,0.998532764044919,0.0035300943351033874,0.004857550205809642,0.0013274558707062549
3,4,98,1.989899,0.998532764044919,0.006691228191868589,0.010325811509133614,0.0036345833172650253
3,6,3,1.030303,0.9990225958924714,0.006482190456041413,0.015663468739451934,0.009181278283410522
3,6,8,1.080808,0.9990225958924714,0.005743669206043543,0.01162288929063409,0.005879220084590547
3,6,13,1.131313,0.9990225958924714,0.006061453398430397,0.008334765370970255,0.0022733119725398586
3,6,18,1.181818,0.9990225958924714,0.007241645119412391,0.008741547250127685,0.0014999021307152936
3,6,23,1.232323,0.9990225958924714,0.004927253944202239,0.015320424456171388,0.010393170511969148
3,6,28,1.282828,0.9990225958924714,0.005330331073309796,0.012245392007271953,0.0069150609339621565
3,6,33,1.333333,0.9990225958924714,0.006354374042352235,0.013138660711551333,0.0067842866691990985
3,6,38,1.383838,0.9990225958924714,0.004907675340626954,0.007265873460313294,0.0023581981196863404
3,6,43,1.434343,0.9990225958924714,0.003721741893493922,0.009135022478090728,0.005413280584596806
3,6,48,1.484848,0.9990225958924714,0.005140262863903149,0.011095653851044534,0.005955390987141385
3,6,53,1.535354,0.9990225958924714,0.004376862826788054,0.004698401671696663,0.0003215388449086089
3,6,58,1.585859,0.9990225958924714,0.004738654849158474,0.005417288170559573,0.000678633321401099
3,6,63,1.636364,0.9990225958924714,0.0046307064339364745,0.005426427082005547,0.0007957206480690721
3,6,68,1.686869,0.9990225958924714,0.003854563315218367,0.007904573103765572,0.004050009788547205
3,6,73,1.737374,0.9990225958924714,0.00439928699994679,0.00865329595198119,0.0042540089520344
3,6,78,1.787879,0.9990225958924714,0.004180760461095229,0.009075656430663208,0.004894895969567979
3,6,83,1.838384,0.9990225958924714,0.004022692863245748,0.006136305342190883,0.0021136124789451352
3,6,88,1.888889,0.9990225958924714,0.005268982549749585,0.0075197360010641244,0.00225075345131454
3,6,93,1.939394,0.9990225958924714,0.003065238325600334,0.00453711910414569,0.0014718807785453563
3,6,98,1.989899,0.9990225958924714,0.004007136438476262,0.008214213166698247,0.004207076728221985
3,8,3,1.030303,0.9993553027974237,0.006437028885175449,0.022317588764886116,0.015880559879710668
3,8,8,1.080808,0.9993553027974237,0.005497323846952713,0.011315288436994843,0.00581796459004213
3,8,13,1.131313,0.9993553027974237,0.005875804534760843,0.007205096609055873,0.0013292920742950295
3,8,18,1.181818,0.9993553027974237,0.005843980762151064,0.010954264298580553,0.005110283536429489
3,8,23,1.232323,0.9993553027974237,0.004602811443217062,0.010871837493287786,0.006269026050070724
3,8,28,1.282828,0.9993553027974237,0.004858861185857918,0.011217548073475152,0.006358686887617234
3,8,33,1.333333,0.9993553027974237,0.0043990993733637445,0.01545906003446656,0.011059960661102815
3,8,38,1.383838,0.9993553027974237,0.004125412854368108,0.009039882679326957,0.004914469824958849
3,8,43,1.434343,0.9993553027974237,0.0036044810044759193,0.008736573073925677,0.005132092069449758
3,8,48,1.484848,0.9993553027974237,0.004191554840063811,0.008584540197171113,0.0043929853571073015
3,8,53,1.535354,0.9993553027974237,0.003819058460971511,0.004987218311578489,0.0011681598506069783
3,8,58,1.585859,0.9993553027974237,0.003315495593593136,0.005736784611912681,0.002421289018319545
3,8,63,1.636364,0.9993553027974237,0.004168986637844614,0.0058735740754087854,0.0017045874375641711
3,8,68,1.686869,0.9993553027974237,0.0037765668455703033,0.005808019955477722,0.002031453109907419
3,8,73,1.737374,0.9993553027974237,0.003590133843331197,0.00977239676755809,0.006182262924226892
3,8,78,1.787879,0.9993553027974237,0.0036004779205095136,0.008775809926565093,0.005175332006055579
3,8,83,1.838384,0.9993553027974237,0.003601872327721543,0.0063921590080187485,0.0027902866802972056
3,8,88,1.888889,0.9993553027974237,0.004109267136560611,0.00795274685329564,0.00384347971673503
3,8,93,1.939394,0.9993553027974237,0.002846878302489613,0.004432054839289709,0.0015851765368000963
3,8,98,1.989899,0.9993553027974237,0.003948135194103743,0.008320728770138161,0.004372593576034418
3,10,3,1.030303,0.9994857654133096,0.005526065634725394,0.02008551394625364,0.014559448311528247
3,10,8,1.080808,0.9994857654133096,0.005456992054326481,0.01236434780939323,0.00690735575506675
3,10,13,1.131313,0.9994857654133096,0.004867562501302212,0.008118939402835658,0.0032513769015334454
3,10,18,1.181818,0.9994857654133096,0.004319345085329393,0.008719917780057488,0.004400572694728095
3,10,23,1.232323,0.9994857654133096,0.004101735545410254,0.015408154059755971,0.011306418514345717
3,10,28,1.282828,0.9994857654133096,0.004152678452450988,0.015125067804875093,0.010972389352424105
3,10,33,1.333333,0.9994857654133096,0.003931516590312367,0.01628696448701953,0.012355447896707162
3,10,38,1.383838,0.9994857654133096,0.003595749692231701,0.00783851528467992,0.004242765592448218
3,10,43,1.434343,0.9994857654133096,0.0034007349843608492,0.009289881180541892,0.005889146196181043
3,10,48,1.484848,0.9994857654133096,0.0038684154213946384,0.014446641699019463,0.010578226277624826
3,10,53,1.535354,0.9994857654133096,0.003314335229258806,0.006918953887433607,0.003604618658174801
3,10,58,1.585859,0.9994857654133096,0.0033060416409811874,0.005840225938934017,0.002534184297952829
3,10,63,1.636364,0.9994857654133096,0.0034934294486050304,0.005516306882549056,0.0020228774339440254
3,10,68,1.686869,0.9994857654133096,0.0036294110786305113,0.0103776666255274,0.006748255546896889
3,10,73,1.737374,0.9994857654133096,0.0033133107065203915,0.008279873417492103,0.004966562710971712
3,10,78,1.787879,0.9994857654133096,0.0034611633090033903,0.009936478616736827,0.0064753153077334365
3,10,83,1.838384,0.9994857654133096,0.0032967043089086,0.006402266038781045,0.003105561729872445
3,10,88,1.888889,0.9994857654133096,0.003723928576798416,0.007062082985084256,0.0033381544082858403
3,10,93,1.939394,0.9994857654133096,0.002829353523740706,0.004336372884827205,0.0015070193610864993
3,10,98,1.989899,0.9994857654133096,0.0036280174074358887,0.009356007744365341,0.005727990336929453
3,15,3,1.030303,0.9996751622786142,0.004836282840449346,0.008917046684845286,0.00408076384439594
3,15,8,1.080808,0.9996751622786142,0.0048839545670125994,0.012296858261405802,0.007412903694393203
3,15,13,1.131313,0.9996751622786142,0.004258416458673541,0.014752789663598357,0.010494373204924816
3,15,18,1.181818,0.9996751622786142,0.004180020351055083,0.01252935752057328,0.008349337169518196
3,15,23,1.232323,0.9996751622786142,0.0038788091351992806,0.01671135531659927,0.012832546181399987
3,15,28,1.282828,0.9996751622786142,0.004062974620577992,0.009828219699827482,0.005765245079249489
3,15,33,1.333333,0.9996751622786142,0.0038110550380428244,0.010001958697594838,0.006190903659552013
3,15,38,1.383838,0.9996751622786142,0.003207261521324906,0.007509747314438879,0.004302485793113974
3,15,43,1.434343,0.9996751622786142,0.003238732357857254,0.008425716827420113,0.0051869844695628595
3,15,48,1.484848,0.9996751622786142,0.003615022024228369,0.01004567178932428,0.006430649765095911
3,15,53,1.535354,0.9996751622786142,0.003134545522410949,0.005594132474835077,0.0024595869524241284
3,15,58,1.585859,0.9996751622786142,0.003143297724260498,0.006410275402047217,0.0032669776777867186
3,15,63,1.636364,0.9996751622786142,0.003302239507615766,0.006442354262571663,0.003140114754955897
3,15,68,1.686869,0.9996751622786142,0.0030362077646643674,0.007489288612882044,0.0044530808482176765
3,15,73,1.737374,0.9996751622786142,0.002817904840268936,0.009946091106094502,0.007128186265825566
3,15,78,1.787879,0.9996751622786142,0.0026063690792422927,0.00794769276414642,0.0053413236849041285
3,15,83,1.838384,0.9996751622786142,0.002529493694735937,0.008228981496732518,0.005699487801996581
3,15,88,1.888889,0.9996751622786142,0.003091106435629766,0.007437882966513721,0.004346776530883955
3,15,93,1.939394,0.9996751622786142,0.0024180017904827447,0.004334212079690857,0.001916210289208112
3,15,98,1.989899,0.9996751622786142,0.0030594719879725976,0.008120866396281103,0.005061394408308505
3,20,3,1.030303,0.9997729786686912,0.004563547068827014,0.032653990024978964,0.02809044295615195
3,20,8,1.080808,0.9997729786686912,0.004494232825006938,0.012390892583413478,0.00789665975840654
3,20,13,1.131313,0.9997729786686912,0.003921476660048629,0.00841191205283789,0.00449043539278926
3,20,18,1.181818,0.9997729786686912,0.004101089096565827,0.012509227745985103,0.008408138649419276
3,20,23,1.232323,0.9997729786686912,0.003767921025046097,0.009134663460643797,0.005366742435597699
3,20,28,1.282828,0.9997729786686912,0.003887289427330699,0.008099926261412092,0.004212636834081393
3,20,33,1.333333,0.9997729786686912,0.0034738087860496365,0.0142936523157752,0.010819843529725563
3,20,38,1.383838,0.9997729786686912,0.0029839006035916496,0.012420506650864877,0.009436606047273227
3,20,43,1.434343,0.9997729786686912,0.0031104311190094237,0.01184031068806114,0.008729879569051717
3,20,48,1.484848,0.9997729786686912,0.003475871744082838,0.009400505862439653,0.005924634118356815
3,20,53,1.535354,0.9997729786686912,0.002778589840985961,0.006625020045722133,0.003846430204736172
3,20,58,1.585859,0.9997729786686912,0.002772083287740615,0.005607937402104516,0.002835854114363901
3,20,63,1.636364,0.9997729786686912,0.003191869580420596,0.008715004233685587,0.005523134653264991
3,20,68,1.686869,0.9997729786686912,0.0028802155326632566,0.0063727335615657455,0.003492518028902489
3,20,73,1.737374,0.9997729786686912,0.0027439049029455275,0.015720135789644377,0.01297623088669885
3,20,78,1.787879,0.9997729786686912,0.00256046790335784,0.00932044960986231,0.0067599817065044695
3,20,83,1.838384,0.9997729786686912,0.0025033180910128093,0.0060509343568123436,0.0035476162657995343
3,20,88,1.888889,0.9997729786686912,0.0028312461960562367,0.009485045212762819,0.0066537990167065825
3,20,93,1.939394,0.9997729786686912,0.0023933417170370593,0.01098461959799382,0.00859127788095676
3,20,98,1.989899,0.9997729786686912,0.002992340722202828,0.019697290699297303,0.016704949977094475
4,1,4,1.040404,0.9633364048427558,0.04446237181640647,0.04474869257939224,0.0002863207629857714
4,1,9,1.090909,0.9633364048427558,0.012416706693545393,0.01241769231582402,9.856222786281538e-07
4,1,14,1.141414,0.9633364048427558,0.013302315412460627,0.01426656899035655,0.0009642535778959238
4,1,19,1.191919,0.9633364048427558,0.02425587078652543,0.025396349517856343,0.0011404787313309128
4,1,24,1.242424,0.9633364048427558,0.038022578692754314,0.03830116391016666,0.00027858521741234987
4,1,29,1.292929,0.9633364048427558,0.04058962803846086,0.040984452522977846,0.00039482448451698404
4,1,34,1.343434,0.9633364048427558,0.04212061666495411,0.04245422619394717,0.0003336095289930563
4,1,39,1.393939,0.9633364048427558,0.034602184679665096,0.03489204331608384,0.0002898586364187411
4,1,44,1.444444,0.9633364048427558,0.024931078854474684,0.02526214677762776,0.0003310679231530757
4,1,49,1.494949,0.9633364048427558,0.02166729598731324,0.022599712233470275,0.0009324162461570341
4,1,54,1.545455,0.9633364048427558,0.015904111092919632,0.01632436143580137,0.0004202503428817374
4,1,59,1.59596,0.9633364048427558,0.013812014891767841,0.013845853468036535,3.38385762686938e-05
4,1,64,1.646465,0.9633364048427558,0.008448946773335572,0.008995591521376156,0.000546644748040585
4,1,69,1.69697,0.9633364048427558,0.009449512919977766,0.009535677842767114,8.616492278934809e-05
4,1,74,1.747475,0.9633364048427558,0.01453800546776487,0.014561245819522079,2.324035175720919e-05
4,1,79,1.79798,0.9633364048427558,0.01951491300098122,0.019634266760233783,0.00011935375925256272
4,1,84,1.848485,0.9633364048427558,0.02356656394418133,0.023568076380378902,1.5124361975732414e-06
4,1,89,1.89899,0.9633364048427558,0.030060726193179035,0.03008728985803768,2.6563664858644115e-05
4,1,94,1.949495,0.9633364048427558,0.03384011769631413,0.03384570709021105,5.589393896922312e-06
4,2,4,1.040404,0.9966533454048101,0.009767080566103868,0.011951095780163264,0.002184015214059396
4,2,9,1.090909,0.9966533454048101,0.006313969056072613,0.011050139854827832,0.00473617079875522
4,2,14,1.141414,0.9966533454048101,0.012181298481277894,0.01589212087747646,0.0037108223961985643
4,2,19,1.191919,0.9966533454048101,0.011457829877369796,0.012912116433750166,0.0014542865563803697
4,2,24,1.242424,0.9966533454048101,0.009313181685149031,0.009410621797441218,9.744011229218669e-05
4,2,29,1.292929,0.9966533454048101,0.00723371266295471,0.008984418238377109,0.001750705575422399
4,2,34,1.343434,0.9966533454048101,0.008384037695500066,0.009672824056245683,0.0012887863607456175
4,2,39,1.393939,0.9966533454048101,0.0067782015628677535,0.009659811213446204,0.0028816096505784507
4,2,44,1.444444,0.9966533454048101,0.0064134499955732635,0.009833527359205814,0.003420077363632551
4,2,49,1.494949,0.9966533454048101,0.008650075435377692,0.011677952084723846,0.0030278766493461538
4,2,54,1.545455,0.9966533454048101,0.007239263300495001,0.008056592529760504,0.0008173292292655027
4,2,59,1.59596,0.9966533454048101,0.011118866654399377,0.011138655021148008,1.9788366748631214e-05
4,2,64,1.646465,0.9966533454048101,0.007723097195717924,0.00896027347142317,0.0012371762757052472
4,2,69,1.69697,0.9966533454048101,0.005902821799786066,0.006458568127826168,0.0005557463280401014
4,2,74,1.747475,0.9966533454048101,0.004319790310264109,0.004840706809502471,0.0005209164992383622
4,2,79,1.79798,0.9966533454048101,0.005543337042528526,0.005759959308490227,0.0002166222659617011
4,2,84,1.848485,0.9966533454048101,0.0067040419517321115,0.006787366925270491,8.332497353837932e-05
4,2,89,1.89899,0.9966533454048101,0.009070975903723202,0.009167400927112455,9.642502338925302e-05
4,2,94,1.949495,0.9966533454048101,0.010073283253932674,0.010085388090691412,1.210483675873758e-05
4,3,4,1.040404,0.9980525938488604,0.009033385102300432,0.012317232695639873,0.0032838475933394413
4,3,9,1.090909,0.9980525938488604,0.005454848311874196,0.010200963988317512,0.004746115676443316
4,3,14,1.141414,0.9980525938488604,0.01216886634912855,0.018648843237692808,0.006479976888564259
4,3,19,1.191919,0.9980525938488604,0.009224537456482412,0.011511702996728433,0.0022871655402460205
4,3,24,1.242424,0.9980525938488604,0.006396064098512095,0.00853088127099231,0.0021348171724802157
4,3,29,1.292929,0.9980525938488604,0.0072108554454763715,0.011785042879600324,0.0045741874341239525
4,3,34,1.343434,0.9980525938488604,0.007385445047655382,0.00958517751089535,0.0021997324632399683
4,3,39,1.393939,0.9980525938488604,0.005365633546399944,0.006932929241828176,0.0015672956954282322
4,3,44,1.444444,0.9980525938488604,0.006079666917649682,0.008157605117274801,0.002077938199625119
4,3,49,1.494949,0.9980525938488604,0.004930335976713049,0.007079986777058355,0.002149650800345306
4,3,54,1.545455,0.9980525938488604,0.007009097399933501,0.009733515623499719,0.0027244182235662178
4,3,59,1.59596,0.9980525938488604,0.005708811087485643,0.006705888270916295,0.0009970771834306516
4,3,64,1.646465,0.9980525938488604,0.007338665249996561,0.009487364749172078,0.0021486994991755173
4,3,69,1.69697,0.9980525938488604,0.005528339004979964,0.0061440394835661155,0.0006157004785861519
4,3,74,1.747475,0.9980525938488604,0.004039080378675552,0.004657767406091694,0.000618687027416142
4,3,79,1.79798,0.9980525938488604,0.005476331285805628,0.006683365014134794,0.0012070337283291658
4,3,84,1.848485,0.9980525938488604,0.006058308961710576,0.0061127991928448125,5.449023113423667e-05
4,3,89,1.89899,0.9980525938488604,0.006929308300054143,0.007221517645232477,0.0002922093451783337
4,3,94,1.949495,0.9980525938488604,0.005571402191317516,0.006081051270224379,0.0005096490789068629
4,4,4,1.040404,0.9985944887362667,0.007856283931079459,0.010768708635299142,0.002912424704219683
4,4,9,1.090909,0.9985944887362667,0.0054086393832358075,0.009515606616344215,0.004106967233108407
4,4,14,1.141414,0.9985944887362667,0.00812426656164019,0.013771717706540494,0.005647451144900303
4,4,19,1.191919,0.9985944887362667,0.008447684775091382,0.013826819740636523,0.005379134965545141
4,4,24,1.242424,0.9985944887362667,0.0061030055830196646,0.00800653423935132,0.0019035286563316546
4,4,29,1.292929,0.9985944887362667,0.007161902607057288,0.009308265007194031,0.002146362400136744
4,4,34,1.343434,0.9985944887362667,0.007344877345555527,0.011770523891091735,0.0044256465455362074
4,4,39,1.393939,0.9985944887362667,0.005358554305163975,0.007628083690454679,0.002269529385290704
4,4,44,1.444444,0.9985944887362667,0.006075926208129704,0.010058886850861948,0.003982960642732244
4,4,49,1.494949,0.9985944887362667,0.004868972403315325,0.010422311876302324,0.005553339472986999
4,4,54,1.545455,0.9985944887362667,0.006026607868953937,0.00850647442120452,0.002479866552250582
4,4,59,1.59596,0.9985944887362667,0.0052747342385304485,0.006575844276218011,0.0013011100376875626
4,4,64,1.646465,0.9985944887362667,0.006796381038727256,0.008827280155737017,0.0020308991170097605
4,4,69,1.69697,0.9985944887362667,0.0052150749804856615,0.0066836650073203085,0.001468590026834647
4,4,74,1.747475,0.9985944887362667,0.003555135601057994,0.005326719735466844,0.0017715841344088505
4,4,79,1.79798,0.9985944887362667,0.004697561140102581,0.006421689962736223,0.0017241288226336419
4,4,84,1.848485,0.9985944887362667,0.005689588741200019,0.006619543455080091,0.0009299547138800724
4,4,89,1.89899,0.9985944887362667,0.00562265843769892,0.006802206601297426,0.0011795481635985062
4,4,94,1.949495,0.9985944887362667,0.003914817444954902,0.004935233745858552,0.0010204163009036498
4,6,4,1.040404,0.9990455135176423,0.006563995475571356,0.01111310757646798,0.004549112100896624
4,6,9,1.090909,0.9990455135176423,0.004780632601923282,0.012621041406828987,0.007840408804905705
4,6,14,1.141414,0.9990455135176423,0.0071034325921188,0.01273323283154171,0.005629800239422909
4,6,19,1.191919,0.9990455135176423,0.008139814122769713,0.013929798019008333,0.00578998389623862
4,6,24,1.242424,0.9990455135176423,0.005822754139857996,0.0064734716750000035,0.0006507175351420074
4,6,29,1.292929,0.9990455135176423,0.005182100841340446,0.008650657789187827,0.0034685569478473807
4,6,34,1.343434,0.9990455135176423,0.007188808271218192,0.012308537366734753,0.005119729095516562
4,6,39,1.393939,0.9990455135176423,0.004166668536530048,0.007897255364553928,0.0037305868280238796
4,6,44,1.444444,0.9990455135176423,0.005001509228108769,0.009310580598942861,0.004309071370834092
4,6,49,1.494949,0.9990455135176423,0.004092592826400529,0.0106937499083798,0.006601157081979272
4,6,54,1.545455,0.9990455135176423,0.0032041680708847857,0.008170226761350994,0.004966058690466207
4,6,59,1.59596,0.9990455135176423,0.005191555674387942,0.006536522452893274,0.0013449667785053318
4,6,64,1.646465,0.9990455135176423,0.005033534764674657,0.009347327886378503,0.004313793121703846
4,6,69,1.69697,0.9990455135176423,0.0032556944711034015,0.006581354503847346,0.0033256600327439445
4,6,74,1.747475,0.9990455135176423,0.003263724348707868,0.004819892838358049,0.0015561684896501808
4,6,79,1.79798,0.9990455135176423,0.0039007188638739677,0.006412725949909491,0.002512007086035523
4,6,84,1.848485,0.9990455135176423,0.003990198343402023,0.006614618949423251,0.0026244206060212277
4,6,89,1.89899,0.9990455135176423,0.004933540189282972,0.0066606894375273885,0.0017271492482444162
4,6,94,1.949495,0.9990455135176423,0.003794598847391402,0.004980266376025291,0.0011856675286338893
4,8,4,1.040404,0.9993688226418728,0.0064601030253814504,0.012151967574995932,0.005691864549614482
4,8,9,1.090909,0.9993688226418728,0.004732129391235724,0.009455201388594956,0.004723071997359232
4,8,14,1.141414,0.9993688226418728,0.006840272024354398,0.014743057793905274,0.007902785769550875
4,8,19,1.191919,0.9993688226418728,0.006161875913291972,0.014782240887723236,0.008620364974431263
4,8,24,1.242424,0.9993688226418728,0.0044480229899275785,0.008638190469782727,0.0041901674798551485
4,8,29,1.292929,0.9993688226418728,0.005043065208647063,0.009964875068162238,0.004921809859515174
4,8,34,1.343434,0.9993688226418728,0.004979424188663577,0.01263293294519939,0.007653508756535814
4,8,39,1.393939,0.9993688226418728,0.0037131944060848658,0.007045107957472928,0.0033319135513880625
4,8,44,1.444444,0.9993688226418728,0.004762613424095896,0.009048577983163183,0.004285964559067287
4,8,49,1.494949,0.9993688226418728,0.0036553452194060627,0.010462859218973846,0.006807513999567783
4,8,54,1.545455,0.9993688226418728,0.003091425008808365,0.008387379296156421,0.005295954287348055
4,8,59,1.59596,0.9993688226418728,0.003500749335686889,0.008010003863548408,0.004509254527861519
4,8,64,1.646465,0.9993688226418728,0.0038079250837224988,0.009449991217603012,0.005642066133880513
4,8,69,1.69697,0.9993688226418728,0.003090774736743751,0.005810834167430805,0.002720059430687054
4,8,74,1.747475,0.9993688226418728,0.0031878104049023587,0.005432104985331529,0.0022442945804291704
4,8,79,1.79798,0.9993688226418728,0.003409240999285677,0.006636516679595999,0.003227275680310322
4,8,84,1.848485,0.9993688226418728,0.003548407920889679,0.007356899345017944,0.003808491424128265
4,8,89,1.89899,0.9993688226418728,0.0039022879386447803,0.007223323856271227,0.0033210359176264466
4,8,94,1.949495,0.9993688226418728,0.003564548438671322,0.005202425017667607,0.0016378765789962849
4,10,4,1.040404,0.9995094174877377,0.006180781306531763,0.009847732567468721,0.0036669512609369577
4,10,9,1.090909,0.9995094174877377,0.004412693925160026,0.015984606059338387,0.01157191213417836
4,10,14,1.141414,0.9995094174877377,0.006115827556287625,0.014267297141618994,0.008151469585331368
4,10,19,1.191919,0.9995094174877377,0.006112877283470868,0.015885835615593254,0.009772958332122387
4,10,24,1.242424,0.9995094174877377,0.004245342207740638,0.006798469876793781,0.0025531276690531433
4,10,29,1.292929,0.9995094174877377,0.004956462992613463,0.012518384231058853,0.00756192123844539
4,10,34,1.343434,0.9995094174877377,0.004433227484129694,0.016751734748141983,0.012318507264012289
4,10,39,1.393939,0.9995094174877377,0.003707588003275087,0.0071162153263130985,0.0034086273230380113
4,10,44,1.444444,0.9995094174877377,0.0038259686874214374,0.010754608729858606,0.006928640042437169
4,10,49,1.494949,0.9995094174877377,0.0033607799211481906,0.013948213580024217,0.010587433658876027
4,10,54,1.545455,0.9995094174877377,0.0028760929550462745,0.008431752150692057,0.005555659195645782
4,10,59,1.59596,0.9995094174877377,0.003247944008752992,0.009135427741404419,0.005887483732651426
4,10,64,1.646465,0.9995094174877377,0.0037130034845407746,0.009745027264306906,0.006032023779766131
4,10,69,1.69697,0.9995094174877377,0.002987506915884801,0.005841690254156952,0.0028541833382721505
4,10,74,1.747475,0.9995094174877377,0.002954981061361951,0.004867149582535492,0.0019121685211735415
4,10,79,1.79798,0.9995094174877377,0.0033527365477709005,0.007065971421422662,0.0037132348736517618
4,10,84,1.848485,0.9995094174877377,0.003109259463972976,0.006297642707563561,0.0031883832435905847
4,10,89,1.89899,0.9995094174877377,0.0032473063655070506,0.006587121089130681,0.00333981472362363
4,10,94,1.949495,0.9995094174877377,0.0033928638781217384,0.005268706830666216,0.0018758429525444777
4,15,4,1.040404,0.9996752271073588,0.005342840935844911,0.010840972696740128,0.005498131760895217
4,15,9,1.090909,0.9996752271073588,0.004072470270280085,0.01170829909452213,0.007635828824242045
4,15,14,1.141414,0.9996752271073588,0.004830647271856578,0.012300400023488828,0.007469752751632251
4,15,19,1.191919,0.9996752271073588,0.00475257439488671,0.01721578103131977,0.01246320663643306
4,15,24,1.242424,0.9996752271073588,0.0037218579274286637,0.005921620783519162,0.002199762856090498
4,15,29,1.292929,0.9996752271073588,0.00403678657207406,0.012118757947219408,0.008081971375145349
4,15,34,1.343434,0.9996752271073588,0.0037570556829500798,0.02099920519894338,0.0172421495159933
4,15,39,1.393939,0.9996752271073588,0.0035999519262177038,0.008037095076812951,0.004437143150595247
4,15,44,1.444444,0.9996752271073588,0.003393474917851205,0.0072182257804498835,0.0038247508625986787
4,15,49,1.494949,0.9996752271073588,0.0028804840578958387,0.010695445145737807,0.007814961087841969
4,15,54,1.545455,0.9996752271073588,0.002615536576115125,0.008926601893128317,0.006311065317013192
4,15,59,1.59596,0.9996752271073588,0.0028504836096151735,0.01263982022441273,0.009789336614797556
4,15,64,1.646465,0.9996752271073588,0.002937682396679422,0.01476963148114646,0.011831949084467037
4,15,69,1.69697,0.9996752271073588,0.002736248350384052,0.009175147499747372,0.00643889914936332
4,15,74,1.747475,0.9996752271073588,0.0027783044778309316,0.006286576689512818,0.003508272211681886
4,15,79,1.79798,0.9996752271073588,0.002672783642819413,0.007893455179002666,0.005220671536183253
4,15,84,1.848485,0.9996752271073588,0.0029275101209672613,0.0063483058526812896,0.0034207957317140283
4,15,89,1.89899,0.9996752271073588,0.002691792674265622,0.009840826005071824,0.007149033330806201
4,15,94,1.949495,0.9996752271073588,0.0030300261033357426,0.011679231125137154,0.008649205021801411
4,20,4,1.040404,0.999769842456472,0.004912684801877367,0.012431202550446998,0.0075185177485696305
4,20,9,1.090909,0.999769842456472,0.0037660045351629147,0.01148317227409192,0.007717167738929006
4,20,14,1.141414,0.999769842456472,0.004575850434466236,0.01451005950435265,0.009934209069886415
4,20,19,1.191919,0.999769842456472,0.004244225292761549,0.010808293183594622,0.006564067890833073
4,20,24,1.242424,0.999769842456472,0.0035148847512479825,0.007332997480611919,0.0038181127293639367
4,20,29,1.292929,0.999769842456472,0.003759094106881441,0.009614937513429836,0.005855843406548395
4,20,34,1.343434,0.999769842456472,0.0035310000148383123,0.009368689561912343,0.00583768954707403
4,20,39,1.393939,0.999769842456472,0.003486403665131756,0.010253494871171423,0.006767091206039667
4,20,44,1.444444,0.999769842456472,0.0029111037514610656,0.01273329085763628,0.009822187106175214
4,20,49,1.494949,0.999769842456472,0.0027389381925944736,0.014092698733002597,0.011353760540408124
4,20,54,1.545455,0.999769842456472,0.0024836716967353138,0.008333014889847785,0.005849343193112472
4,20,59,1.59596,0.999769842456472,0.002681250309309653,0.00800761492325062,0.005326364613940967
4,20,64,1.646465,0.999769842456472,0.0026438693670765723,0.00972351499236258,0.007079645625286008
4,20,69,1.69697,0.999769842456472,0.002455077299794122,0.005485326592274903,0.003030249292480781
4,20,74,1.747475,0.999769842456472,0.0025987984960252368,0.0036582353326641477,0.001059436836638911
4,20,79,1.79798,0.999769842456472,0.002500664196848393,0.006266136522244671,0.0037654723253962782
4,20,84,1.848485,0.999769842456472,0.0025802446780158112,0.00656103295754927,0.00398078827953346
4,20,89,1.89899,0.999769842456472,0.0024662030935707273,0.008447022202313964,0.005980819108743237
4,20,94,1.949495,0.999769842456472,0.002860991401291511,0.008795188552801831,0.00593419715151032
5,1,5,1.050505,0.9644422120267961,0.05210380945233736,0.05210382466275277,1.5210415406363698e-08
5,1,10,1.10101,0.9644422120267961,0.01429935142659295,0.01432868153676099,2.933011016803891e-05
5,1,15,1.151515,0.9644422120267961,0.018080110326819245,0.01910299799319332,0.001022887666374074
5,1,20,1.20202,0.9644422120267961,0.035138159321809304,0.03530389256323378,0.00016573324142447887
5,1,25,1.252525,0.9644422120267961,0.038899755492287455,0.038901765419860956,2.00992757350138e-06
5,1,30,1.30303,0.9644422120267961,0.04240125829334447,0.04345724610738609,0.0010559878140416201
5,1,35,1.353535,0.9644422120267961,0.04228769607242585,0.04256916221217398,0.0002814661397481308
5,1,40,1.40404,0.9644422120267961,0.029062700659165133,0.02940649132481818,0.00034379066565304664
5,1,45,1.454545,0.9644422120267961,0.027448460725154434,0.027448913157907776,4.5243275334158617e-07
5,1,50,1.505051,0.9644422120267961,0.020781269027632245,0.021827271154602403,0.0010460021269701573
5,1,55,1.555556,0.9644422120267961,0.01991359208340433,0.019913989853104934,3.9776970060453887e-07
5,1,60,1.606061,0.9644422120267961,0.012566706702967535,0.01270239499057373,0.0001356882876061942
5,1,65,1.656566,0.9644422120267961,0.00807281297119556,0.00936065358109006,0.0012878406098944997
5,1,70,1.707071,0.9644422120267961,0.011273642152715998,0.011481847347593587,0.00020820519487758926
5,1,75,1.757576,0.9644422120267961,0.017847985632937765,0.01908702490135577,0.001239039268418004
5,1,80,1.808081,0.9644422120267961,0.021842199830516832,0.022855737267214356,0.0010135374366975237
5,1,85,1.858586,0.9644422120267961,0.022635648106097302,0.023047837230458227,0.00041218912436092464
5,1,90,1.909091,0.9644422120267961,0.027985730569642,0.027986044705053115,3.141354111141359e-07
5,1,95,1.959596,0.9644422120267961,0.03458296038638412,0.03472043822196273,0.0001374778355786102
5,2,5,1.050505,0.996806791771448,0.016974403521097532,0.019289757724321,0.002315354203223468
5,2,10,1.10101,0.996806791771448,0.007256677399523569,0.007335653714702439,7.897631517886968e-05
5,2,15,1.151515,0.996806791771448,0.012751174794755864,0.012803539303832276,5.236450907641216e-05
5,2,20,1.20202,0.996806791771448,0.00879914495290762,0.014497773067772118,0.005698628114864499
5,2,25,1.252525,0.996806791771448,0.009051570321130839,0.009921119696649959,0.00086954937551912
5,2,30,1.30303,0.996806791771448,0.007917840590116989,0.012591614017649239,0.00467377342753225
5,2,35,1.353535,0.996806791771448,0.010178673785812678,0.013005430965223145,0.0028267571794104666
5,2,40,1.40404,0.996806791771448,0.008004957442824598,0.012313805292102383,0.004308847849277785
5,2,45,1.454545,0.996806791771448,0.008184103161708717,0.008616751605586377,0.00043264844387765934
5,2,50,1.505051,0.996806791771448,0.008088954133208355,0.009610881476877007,0.0015219273436686519
5,2,55,1.555556,0.996806791771448,0.011331718762894875,0.011889799043458646,0.0005580802805637709
5,2,60,1.606061,0.996806791771448,0.010137944993671332,0.01053935503897506,0.0004014100453037274
5,2,65,1.656566,0.996806791771448,0.00805907821996991,0.009954083009160297,0.0018950047891903871
5,2,70,1.707071,0.996806791771448,0.007104247801285974,0.007274114951803214,0.00016986715051723993
5,2,75,1.757576,0.996806791771448,0.008289145183389083,0.010425777162130832,0.002136631978741749
5,2,80,1.808081,0.996806791771448,0.00612800647652666,0.008917364382591341,0.002789357906064681
5,2,85,1.858586,0.996806791771448,0.007157901824436314,0.00892642721591979,0.0017685253914834758
5,2,90,1.909091,0.996806791771448,0.006773308944435324,0.006947776264563704,0.0001744673201283806
5,2,95,1.959596,0.996806791771448,0.00864602166259411,0.009460994520152201,0.0008149728575580911
5,3,5,1.050505,0.9981302406587512,0.01524147400751246,0.020578069878087184,0.005336595870574723
5,3,10,1.10101,0.9981302406587512,0.007007413594538845,0.007195936326208544,0.00018852273166969878
5,3,15,1.151515,0.9981302406587512,0.007568028221488646,0.008583335682395644,0.0010153074609069983
5,3,20,1.20202,0.9981302406587512,0.00781432290938483,0.012516207510880971,0.004701884601496141
5,3,25,1.252525,0.9981302406587512,0.005344103559482081,0.0059603251960770876,0.0006162216365950069
5,3,30,1.30303,0.9981302406587512,0.007492971057701394,0.011858652836714131,0.004365681779012737
5,3,35,1.353535,0.9981302406587512,0.010162072632020654,0.011647489935673492,0.0014854173036528383
5,3,40,1.40404,0.9981302406587512,0.007918518946917247,0.009764032404191166,0.0018455134572739184
5,3,45,1.454545,0.9981302406587512,0.006087555548797717,0.006321074527771832,0.00023351897897411471
5,3,50,1.505051,0.9981302406587512,0.0070539772028697075,0.010369883058579802,0.003315905855710095
5,3,55,1.555556,0.9981302406587512,0.0054743367878789355,0.007300384087943469,0.001826047300064534
5,3,60,1.606061,0.9981302406587512,0.00620983653171667,0.006689725727642591,0.00047988919592592116
5,3,65,1.656566,0.9981302406587512,0.005391794406566685,0.0064619232309446085,0.0010701288243779236
5,3,70,1.707071,0.9981302406587512,0.005126970049414274,0.00676265357090231,0.0016356835214880365
5,3,75,1.757576,0.9981302406587512,0.006953896968927073,0.011600577555041486,0.0046466805861144125
5,3,80,1.808081,0.9981302406587512,0.006123303649543393,0.010488162394837564,0.004364858745294171
5,3,85,1.858586,0.9981302406587512,0.0067797248383659765,0.00819971390902616,0.0014199890706601843
5,3,90,1.909091,0.9981302406587512,0.006012023789955579,0.0068330519229969616,0.0008210281330413823
5,3,95,1.959596,0.9981302406587512,0.005399287415362724,0.006166681622375202,0.0007673942070124777
5,4,5,1.050505,0.9986791781573217,0.015237351315254683,0.020347832248774688,0.005110480933520005
5,4,10,1.10101,0.9986791781573217,0.007003556154489053,0.007896442237903716,0.000892886083414663
5,4,15,1.151515,0.9986791781573217,0.007229355701984759,0.01149186822393277,0.004262512521948011
5,4,20,1.20202,0.9986791781573217,0.007813967917654431,0.011208785128451493,0.0033948172107970617
5,4,25,1.252525,0.9986791781573217,0.005086110264591728,0.005980068619763639,0.0008939583551719104
5,4,30,1.30303,0.9986791781573217,0.007492792828735064,0.011646611534072447,0.004153818705337383
5,4,35,1.353535,0.9986791781573217,0.005702900385987895,0.010131410075609448,0.004428509689621553
5,4,40,1.40404,0.9986791781573217,0.007675412511893486,0.010362656132908515,0.002687243621015029
5,4,45,1.454545,0.9986791781573217,0.005943654248028065,0.0061031227809669976,0.00015946853293893285
5,4,50,1.505051,0.9986791781573217,0.00704250167744975,0.009340428974232876,0.002297927296783126
5,4,55,1.555556,0.9986791781573217,0.004226369899177986,0.007497764879135682,0.003271394979957696
5,4,60,1.606061,0.9986791781573217,0.005801156444696642,0.007342781390409731,0.0015416249457130887
5,4,65,1.656566,0.9986791781573217,0.005336696361860848,0.008077393898429807,0.002740697536568959
5,4,70,1.707071,0.9986791781573217,0.005092361775861299,0.006155936480068167,0.0010635747042068685
5,4,75,1.757576,0.9986791781573217,0.004817510052211482,0.009095524939972314,0.004278014887760832
5,4,80,1.808081,0.9986791781573217,0.005992519861875127,0.009643578370705822,0.003651058508830695
5,4,85,1.858586,0.9986791781573217,0.005992675287367268,0.008369542981488946,0.002376867694121678
5,4,90,1.909091,0.9986791781573217,0.005745902161699875,0.006539339528279958,0.0007934373665800833
5,4,95,1.959596,0.9986791781573217,0.0038752836984856437,0.005931623627531049,0.0020563399290454056
5,6,5,1.050505,0.9991088089037697,0.012937477539263506,0.02030043803616876,0.007362960496905253
5,6,10,1.10101,0.9991088089037697,0.006783517483862502,0.008084555863240904,0.001301038379378402
5,6,15,1.151515,0.9991088089037697,0.005996526672071597,0.010539555726959937,0.004543029054888341
5,6,20,1.20202,0.9991088089037697,0.005032937759885836,0.011157014277546435,0.006124076517660599
5,6,25,1.252525,0.9991088089037697,0.005010194368358767,0.005513716413033862,0.0005035220446750954
5,6,30,1.30303,0.9991088089037697,0.006593930418657804,0.01311086720977227,0.0065169367911144666
5,6,35,1.353535,0.9991088089037697,0.0054150129539980215,0.011140415423518693,0.005725402469520672
5,6,40,1.40404,0.9991088089037697,0.00674216178119414,0.011330101132139324,0.0045879393509451845
5,6,45,1.454545,0.9991088089037697,0.005733010167881877,0.006363441366530733,0.0006304311986488559
5,6,50,1.505051,0.9991088089037697,0.005580476458638114,0.010277259739783476,0.004696783281145363
5,6,55,1.555556,0.9991088089037697,0.004108315268703096,0.007531445789351007,0.003423130520647911
5,6,60,1.606061,0.9991088089037697,0.004173176477913882,0.007809629393237322,0.0036364529153234404
5,6,65,1.656566,0.9991088089037697,0.004792284733467149,0.007658355741963596,0.002866071008496447
5,6,70,1.707071,0.9991088089037697,0.004126949548437657,0.0066467055261735025,0.0025197559777358457
5,6,75,1.757576,0.9991088089037697,0.003927125768229018,0.010245178532368865,0.006318052764139847
5,6,80,1.808081,0.9991088089037697,0.005319462582990424,0.010296831137512667,0.0049773685545222435
5,6,85,1.858586,0.9991088089037697,0.005408822524452614,0.008404533735080993,0.002995711210628379
5,6,90,1.909091,0.9991088089037697,0.0036041046076232593,0.006359709287431875,0.0027556046798086157
5,6,95,1.959596,0.9991088089037697,0.003426618463614212,0.004620742499913827,0.0011941240362996152
5,8,5,1.050505,0.9993746842681851,0.010505327649164039,0.020443196542800954,0.009937868893636915
5,8,10,1.10101,0.9993746842681851,0.005392121422697756,0.00789659960815194,0.0025044781854541833
5,8,15,1.151515,0.9993746842681851,0.004304287284212277,0.010777955700302409,0.006473668416090131
5,8,20,1.20202,0.9993746842681851,0.004478348649715487,0.010753990735158236,0.006275642085442749
5,8,25,1.252525,0.9993746842681851,0.004884687830454763,0.005851497531553092,0.0009668097010983295
5,8,30,1.30303,0.9993746842681851,0.005894598757307625,0.012701237434023536,0.006806638676715912
5,8,35,1.353535,0.9993746842681851,0.004093595141500415,0.009823189345440388,0.005729594203939973
5,8,40,1.40404,0.9993746842681851,0.004666502731870679,0.010581415301855824,0.005914912569985145
5,8,45,1.454545,0.9993746842681851,0.003755176670800644,0.007274684426065036,0.0035195077552643917
5,8,50,1.505051,0.9993746842681851,0.004216614103975086,0.010501034482759164,0.006284420378784078
5,8,55,1.555556,0.9993746842681851,0.003987659511431126,0.007936139250387877,0.003948479738956751
5,8,60,1.606061,0.9993746842681851,0.0037721993913350507,0.007549178205176571,0.0037769788138415205
5,8,65,1.656566,0.9993746842681851,0.0026471623860395335,0.006245195830000902,0.003598033443961368
5,8,70,1.707071,0.9993746842681851,0.0035478964720912225,0.006846064748307327,0.003298168276216105
5,8,75,1.757576,0.9993746842681851,0.0032920089291443556,0.009032807238226599,0.0057407983090822425
5,8,80,1.808081,0.9993746842681851,0.0028806285060703307,0.008619777707776433,0.005739149201706102
5,8,85,1.858586,0.9993746842681851,0.0038791957696189166,0.009841012494302125,0.005961816724683208
5,8,90,1.909091,0.9993746842681851,0.003091232666792264,0.006651390492775512,0.0035601578259832484
5,8,95,1.959596,0.9993746842681851,0.0027302384189644927,0.00552732505234081,0.0027970866333763174
5,10,5,1.050505,0.9995054079726395,0.009615827757019016,0.020110721010985124,0.010494893253966108
5,10,10,1.10101,0.9995054079726395,0.004700201369276753,0.010599600719452968,0.005899399350176216
5,10,15,1.151515,0.9995054079726395,0.004246797996596235,0.010548182521921828,0.006301384525325593
5,10,20,1.20202,0.9995054079726395,0.00438365076812384,0.011372903329714341,0.006989252561590501
5,10,25,1.252525,0.9995054079726395,0.004297773238832375,0.006610659606702271,0.002312886367869896
5,10,30,1.30303,0.9995054079726395,0.004915847109014737,0.01367382874683581,0.008757981637821072
5,10,35,1.353535,0.9995054079726395,0.003536959971550095,0.010964084399167115,0.00742712442761702
5,10,40,1.40404,0.9995054079726395,0.004307206459899944,0.011595680876665017,0.0072884744167650735
5,10,45,1.454545,0.9995054079726395,0.0037353347331903638,0.006691453404299164,0.0029561186711088
5,10,50,1.505051,0.9995054079726395,0.004006034408671594,0.010566628988468883,0.006560594579797289
5,10,55,1.555556,0.9995054079726395,0.0039038883843040013,0.007299908851747015,0.0033960204674430136
5,10,60,1.606061,0.9995054079726395,0.0034835736863272973,0.007316623719646334,0.003833050033319037
5,10,65,1.656566,0.9995054079726395,0.0025714492903069334,0.0066409504076303276,0.004069501117323394
5,10,70,1.707071,0.9995054079726395,0.0033751626967041533,0.006998391311356231,0.003623228614652078
5,10,75,1.757576,0.9995054079726395,0.0032648923752174024,0.00955281311125966,0.006287920736042257
5,10,80,1.808081,0.9995054079726395,0.002691034065542272,0.009020959014380055,0.006329924948837783
5,10,85,1.858586,0.9995054079726395,0.003731031335227587,0.009424338412246776,0.005693307077019189
5,10,90,1.909091,0.9995054079726395,0.003084743047059218,0.006475640685559241,0.0033908976385000227
5,10,95,1.959596,0.9995054079726395,0.0027019030686925532,0.004552243734522109,0.0018503406658295558
5,15,5,1.050505,0.999684883164365,0.008251444794992378,0.02229015611893305,0.014038711323940672
5,15,10,1.10101,0.999684883164365,0.004269097568439831,0.00747723401900914,0.0032081364505693087
5,15,15,1.151515,0.999684883164365,0.004121001746990412,0.010769053357117525,0.006648051610127113
5,15,20,1.20202,0.999684883164365,0.0038534823720472776,0.015912078769104294,0.012058596397057017
5,15,25,1.252525,0.999684883164365,0.0036420388125761125,0.00719106711229028,0.0035490282997141676
5,15,30,1.30303,0.999684883164365,0.0040609985721322,0.01331109990354468,0.009250101331412481
5,15,35,1.353535,0.999684883164365,0.003349558868523401,0.012472394972782373,0.009122836104258972
5,15,40,1.40404,0.999684883164365,0.003947376230610049,0.011701396651731491,0.007754020421121442
5,15,45,1.454545,0.999684883164365,0.003647381792153356,0.007110212276868036,0.00346283048471468
5,15,50,1.505051,0.999684883164365,0.0034376930892808092,0.010429185569361517,0.006991492480080708
5,15,55,1.555556,0.999684883164365,0.002996655772862569,0.00734878229555716,0.004352126522694591
5,15,60,1.606061,0.999684883164365,0.0032517451527137747,0.007451772831916353,0.004200027679202578
5,15,65,1.656566,0.999684883164365,0.0023601222974778476,0.0076714681573103105,0.0053113458598324625
5,15,70,1.707071,0.999684883164365,0.0031421008121532584,0.007080428470485376,0.003938327658332118
5,15,75,1.757576,0.999684883164365,0.0027026575365911376,0.009919204680817906,0.007216547144226769
5,15,80,1.808081,0.999684883164365,0.0024002521147151257,0.009620601005531916,0.007220348890816791
5,15,85,1.858586,0.999684883164365,0.003154297917579615,0.008701787730674026,0.0055474898130944104
5,15,90,1.909091,0.999684883164365,0.0029141266157229344,0.006030442321973813,0.0031163157062508782
5,15,95,1.959596,0.999684883164365,0.0026211346160775065,0.005563914359202341,0.0029427797431248346
5,20,5,1.050505,0.9997725490250545,0.007426506712285142,0.020815184579386397,0.013388677867101255
5,20,10,1.10101,0.9997725490250545,0.004071811599039251,0.008383132078242456,0.0043113204792032045
5,20,15,1.151515,0.9997725490250545,0.004018570027308363,0.01593864506672843,0.011920075039420067
5,20,20,1.20202,0.9997725490250545,0.0035644132311871447,0.011723706001981898,0.008159292770794753
5,20,25,1.252525,0.9997725490250545,0.003550420972626433,0.006010820754647566,0.002460399782021133
5,20,30,1.30303,0.9997725490250545,0.0035108329937215133,0.010780400491439503,0.0072695674977179894
5,20,35,1.353535,0.9997725490250545,0.00301484193519308,0.009269392538263909,0.006254550603070829
5,20,40,1.40404,0.9997725490250545,0.0036644232115052282,0.01189491685841274,0.008230493646907512
5,20,45,1.454545,0.9997725490250545,0.0033617704448602064,0.009749224889827733,0.006387454444967527
5,20,50,1.505051,0.9997725490250545,0.0032336743599358972,0.011441299006891245,0.008207624646955347
5,20,55,1.555556,0.9997725490250545,0.0028482663295889355,0.008451949309357788,0.0056036829797688524
5,20,60,1.606061,0.9997725490250545,0.0030853861935090576,0.009272033909124792,0.006186647715615734
5,20,65,1.656566,0.9997725490250545,0.0022639964126045346,0.007109843069747322,0.004845846657142787
5,20,70,1.707071,0.9997725490250545,0.0030098719080907804,0.011215015581715145,0.008205143673624364
5,20,75,1.757576,0.9997725490250545,0.002615981710241461,0.013775151129929126,0.011159169419687665
5,20,80,1.808081,0.9997725490250545,0.002340671045564358,0.011346220037661763,0.009005548992097405
5,20,85,1.858586,0.9997725490250545,0.0027052137613890305,0.009211835729660297,0.006506621968271267
5,20,90,1.909091,0.9997725490250545,0.002456367588069172,0.007977426562664165,0.005521058974594992
5,20,95,1.959596,0.9997725490250545,0.002444178762043016,0.006773076430938022,0.004328897668895005
