size_ratio,simulation_number,bulk_mean_phi,small_mean_phi,bulk_integrated_volume,small_integrated_volume,difference_integrated_volume,inferred_large_integrated_volume,bulk_to_small_integral_ratio,minimum_bulk_minus_small,maximum_bulk_minus_small,mean_absolute_bulk_small_difference,fraction_bulk_below_small,active_region_correlation,bulk_nonzero_fraction,small_nonzero_fraction
1.0,1,0.12984310537824334,0.06492155386066346,565.596567027628,282.7982886170501,282.7982784105779,282.7982784105779,1.999999963909003,0.0,0.286867,0.06492155151757986,0.0,0.9968412220787657,0.4194,0.4118
1.010101,2,0.12982644833152182,0.06491507096161235,565.5240089321092,282.77004910878344,282.7539598233258,282.7539598233258,1.9999431011682163,0.0,0.29925399999999996,0.06491137736990948,0.0,0.9942774922215856,0.4159,0.4139
1.020202,3,0.1298273686655178,0.06491197391396321,565.5280179069956,282.75655836922374,282.7714595377719,282.7714595377719,2.00005269963899,0.0,0.30224900000000005,0.06491539475155461,0.0,0.9915958794916641,0.415,0.4102
1.030303,4,0.1298262278364154,0.06491514316686822,565.5230484554255,282.770363634878,282.75268482054736,282.75268482054736,1.999937479960406,0.0,0.299102,0.06491108466954715,0.0,0.9923915246372856,0.4233,0.4213
1.040404,5,0.1298325811708683,0.06491794026685835,565.5507235803024,282.78254780243503,282.7681757778673,282.7681757778673,1.9999491764089425,0.0,0.30646499999999993,0.06491464090400995,0.0,0.9853416748879074,0.4158,0.4129
1.050505,6,0.12982966502772944,0.06491319267699769,565.5380208607895,282.7618673010019,282.7761535597877,282.7761535597877,2.0000505239936417,0.0,0.31499299999999997,0.06491647235073178,0.0,0.9825459159894927,0.4341,0.4314
1.060606,7,0.12982457704611247,0.06491262270210471,565.515857612866,282.7593844903681,282.7564731224979,282.7564731224979,1.999989703726808,0.0,0.314916,0.06491195434400777,0.0,0.97728960416471,0.4268,0.4149
1.070707,8,0.1298361491787518,0.0649190544453518,565.566265822643,282.78740116395244,282.77886465869057,282.77886465869057,1.999969812992988,0.0,0.318315,0.06491709473340003,0.0,0.9722140728981479,0.4149,0.412
1.080808,9,0.1298278114598759,0.0649159755762504,565.5299467192194,282.7739896101467,282.7559571090727,282.7559571090727,1.9999362299867154,0.0,0.32091600000000003,0.0649118358836255,0.0,0.9693473038222991,0.4305,0.4172
1.090909,10,0.12982797029462526,0.06491663393875381,565.5306386033876,282.7768574372116,282.753781166176,282.753781166176,1.9999183940607985,0.0,0.32629600000000003,0.06491133635587143,0.0,0.9605103348341328,0.4224,0.418
1.10101,11,0.12983257495547285,0.06491513309864672,565.5506965060398,282.7703197777051,282.7803767283347,282.7803767283347,2.0000355657928934,0.0,0.330463,0.06491744185682614,0.0,0.9552338562642041,0.4201,0.4152
1.111111,12,0.12983115904713124,0.0649160857920213,565.5445288093038,282.7744697100448,282.7700590992589,282.7700590992589,1.9999844023727094,0.0,0.33622199999999997,0.06491507325510994,0.0,0.9459223486505792,0.424,0.4224
1.121212,13,0.12983182386651293,0.06491634313562096,565.5474247625303,282.7755906987649,282.77183406376537,282.77183406376537,1.9999867151369388,0.0,0.34034100000000006,0.06491548073089196,0.0,0.9367151941517189,0.4168,0.4138
1.131313,14,0.1298260221292209,0.06491035114376964,565.5221523948863,282.7494895822606,282.77266281262575,282.77266281262575,2.0000819567540136,0.0,0.34225500000000003,0.06491567098545127,0.0,0.9358293000844065,0.416,0.4158
1.141414,15,0.1298301639050177,0.06491450015441423,565.5401939702571,282.7675626726284,282.7726312976287,282.7726312976287,2.0000179250581374,0.0,0.344029,0.06491566375060347,0.0,0.9336317419648931,0.4225,0.4205
1.151515,16,0.12982831445432985,0.06491411661548037,565.5321377630609,282.76589197703254,282.76624578602826,282.76624578602826,2.0000012512435403,0.0,0.35107,0.06491419783884947,0.0,0.9202531020381894,0.4189,0.4162
1.161616,17,0.1298354247905108,0.06491522069088806,565.563110387465,282.7707013295084,282.7924090579567,282.7924090579567,2.0000767679549054,0.0,0.350063,0.06492020409962274,0.0,0.917638846728903,0.4161,0.4155
1.171717,18,0.12982188529711416,0.06491263956838846,565.5041323542293,282.75945795990015,282.74467439432925,282.74467439432925,1.9999477168131612,0.0,0.35705699999999996,0.06490924572872572,0.0,0.9095067052486874,0.4264,0.4261
1.181818,19,0.1298299879750121,0.06491055304822578,565.5394276191528,282.7503690780715,282.7890585410813,282.7890585410813,2.0001368325818136,0.0,0.360275,0.06491943492678634,0.0,0.9011228561147744,0.4179,0.4154
1.191919,20,0.12983073511126028,0.06491136550147487,565.5426821446499,282.7539081244246,282.78877402022533,282.78877402022533,2.00012330827196,0.0,0.366321,0.06491936960978544,0.0,0.8936064986344244,0.4187,0.4164
1.20202,21,0.12982589754469626,0.06491355857488282,565.521609704697,282.76346115218956,282.75814855250735,282.75814855250735,1.999981211859338,0.0,0.36190799999999995,0.06491233896981344,0.0,0.8920256412175178,0.4229,0.4226
1.212121,22,0.12982199882135245,0.06491057207025283,565.5046268658114,282.75045193802134,282.7541749277901,282.7541749277901,2.0000131670515224,0.0,0.365857,0.06491142675109965,0.0,0.8928688540334326,0.4272,0.4263
1.222222,23,0.1298239632265916,0.06491232587767495,565.513183815033,282.7580915231521,282.755092291881,282.755092291881,1.9999893929427273,0.0,0.3730359999999999,0.06491163734891665,0.0,0.8708326844715337,0.4185,0.4185
1.232323,24,0.12982684153250515,0.06490944997739637,565.5257217155926,282.7455641015386,282.7801576140539,282.7801576140539,2.00012234855965,0.0,0.37542800000000004,0.0649173915551088,0.0,0.8767413024650417,0.4211,0.4185
1.242424,25,0.12982886148790418,0.0649166819741906,565.5345206413106,282.77706667957426,282.75745396173636,282.75745396173636,1.9999306424737047,0.0,0.381768,0.06491217951371359,0.0,0.8662287641991923,0.4295,0.4282
1.252525,26,0.1298319512868258,0.06491196909579117,565.5479798054131,282.75653738126636,282.79144242414685,282.79144242414685,2.0001234455733674,0.0,0.38277700000000003,0.06491998219103462,0.0,0.8651396395368508,0.433,0.4325
1.262626,27,0.12983074882145776,0.06491642440555112,565.54274186627,282.7759447105807,282.7667971556893,282.7667971556893,1.9999676508732003,0.0,0.38919399999999993,0.06491432441590662,0.0,0.8486554663326051,0.4249,0.4227
1.272727,28,0.1298378160707349,0.06491585419132263,565.5735268041213,282.77346085740146,282.8000659467199,282.8000659467199,2.000094086231564,0.0,0.387783,0.06492196187941227,0.0,0.8494557756526335,0.4176,0.4168
1.282828,29,0.1298311849162648,0.06490941546935812,565.5446414952495,282.74541378452403,282.79922771072563,282.79922771072563,2.000190326433526,0.0,0.391097,0.06492176944690671,0.0,0.8473328087427542,0.425,0.4245
1.292929,30,0.12983036685538385,0.06491062277614248,565.541078022052,282.7506728128767,282.7904052091752,282.7904052091752,2.0001405209611116,0.0,0.39378199999999997,0.06491974407924132,0.0,0.8386445423576467,0.427,0.4258
1.30303,31,0.12982632323449092,0.06490991876505624,565.5234640094426,282.747606140585,282.7758578688576,282.7758578688576,2.000099918540985,0.0,0.399417,0.0649164044694347,0.0,0.8289113408693124,0.4237,0.4197
1.313131,32,0.12982803159987927,0.06491258043967613,565.5309056490742,282.75920039522924,282.77170525384497,282.77170525384497,2.000044224409314,0.0,0.40176999999999996,0.06491545116020316,0.0,0.8259066679531104,0.4201,0.4193
1.323232,33,0.12982765156785264,0.06491109222408213,565.5292502295662,282.7527177281018,282.77653250146443,282.77653250146443,2.0000842247372685,0.0,0.40782700000000005,0.06491655934377052,0.0,0.82103359013288,0.4246,0.4246
1.333333,34,0.12982615214896542,0.0649149610663341,565.5227187608934,282.76957040495137,282.75314835594213,282.75314835594213,1.999941924270756,0.0,0.40115100000000004,0.06491119108263133,0.0,0.8234982306596432,0.4199,0.4195
1.343434,35,0.1298293550557824,0.06491341664940098,565.5366706229883,282.76284292479073,282.7738276981976,282.7738276981976,2.0000388480087876,0.0,0.40513699999999997,0.06491593840638143,0.0,0.819344438893118,0.4239,0.4211
1.353535,36,0.129834661610263,0.06491422658445781,565.5597859743057,282.7663710018983,282.7934149724075,282.7934149724075,2.00009564068886,0.0,0.41117900000000007,0.0649204350258052,0.0,0.8100472472426936,0.4243,0.4225
1.363636,37,0.12983374275676432,0.06491109869225473,565.5557834484654,282.7527459034616,282.8030375450039,282.8030375450039,2.000177864378935,0.0,0.413706,0.06492264406450962,0.0,0.8130897205764998,0.4342,0.4339
1.373737,38,0.12982486678896218,0.06490924826581912,565.5171197327194,282.74468544590815,282.77243428681123,282.77243428681123,2.0000981409813567,0.0,0.41926699999999995,0.06491561852314306,0.0,0.8044509674071934,0.4276,0.4263
1.383838,39,0.1298376466795862,0.06491510013022858,565.5727889362776,282.7701761672757,282.80261276900177,282.80261276900177,2.000114710123132,0.0,0.41700499999999996,0.0649225465493576,0.0,0.8077824368981088,0.4351,0.4336
1.393939,40,0.12982912048303144,0.06491173865315748,565.535648824085,282.75553357315397,282.7801152509309,282.7801152509309,2.0000869361510505,0.0,0.421373,0.06491738182987394,0.0,0.7962538897625934,0.4261,0.4259
1.40404,41,0.12983064845344638,0.0649114044515979,565.5423046632125,282.75407779116046,282.788226872052,282.788226872052,2.0001207730801207,0.0,0.42445400000000005,0.06491924400184848,0.0,0.7920790206038322,0.4212,0.4208
1.414141,42,0.12983456609132227,0.06491252790353362,565.5593698937998,282.7589715477925,282.80039834600734,282.80039834600734,2.0001465092265263,0.0,0.424219,0.06492203818778865,0.0,0.7966662896015835,0.4311,0.4301
1.424242,43,0.12984245356349014,0.0649139816554471,565.593727722563,282.7653040911276,282.8284236314355,282.8284236314355,2.0002232223663747,0.0,0.422546,0.06492847190804303,0.0,0.7996764667803292,0.4303,0.4301
1.434343,44,0.12982758791925084,0.06491100146417089,565.5289729762567,282.75232237792846,282.77665059832816,282.77665059832816,2.000086040744759,0.0,0.42776000000000003,0.06491658645507992,0.0,0.7878181388229818,0.4286,0.4278
1.444444,45,0.1298219794969079,0.06490930148284826,565.5045426885309,282.7449172592871,282.75962542924384,282.75962542924384,2.000052019219653,0.0,0.43245900000000004,0.06491267801405964,0.0,0.7863019291140616,0.4309,0.4281
1.454545,46,0.1298254648836939,0.06491610641361577,565.5197250333706,282.7745595377103,282.7451654956603,282.7451654956603,1.9998960513205362,0.0,0.430596,0.06490935847007812,0.0,0.7904123037720823,0.4414,0.4402
1.464646,47,0.12982948302248284,0.06491346955147115,565.5372280459353,282.76307336620835,282.7741546797271,282.7741546797271,2.0000391893940983,0.0,0.43344099999999997,0.06491601347101172,0.0,0.7824547194998479,0.4254,0.4233
1.474747,48,0.12983394648607424,0.06491066191299869,565.5566708933395,282.7508432930223,282.80582760031723,282.80582760031723,2.0001944620452927,0.0,0.43682599999999994,0.06492328457307558,0.0,0.7811038654590375,0.4407,0.4406
1.484848,49,0.12984030807247185,0.06491452129317178,565.5843819636874,282.76765475305626,282.81672721063114,282.81672721063114,2.0001735433906602,0.0,0.44001199999999996,0.06492578677930007,0.0,0.7806658990068513,0.4412,0.4411
1.494949,50,0.1298254946300235,0.06491294343898274,565.5198546083824,282.7607816202089,282.75907298817344,282.75907298817344,1.999993957323128,0.0,0.441149,0.06491255119104074,0.0,0.7693953675672336,0.4263,0.4258
1.505051,51,0.12984159081436197,0.06491156305556342,565.5899695873609,282.7547686700343,282.8352009173266,282.8352009173266,2.0002844593839058,0.0,0.43821799999999994,0.06493002775879857,0.0,0.7725052951274275,0.4211,0.4173
1.515152,52,0.12983017257353918,0.06491313604829424,565.5402317303367,282.76162062636973,282.77861110396697,282.77861110396697,2.0000600876369274,0.0,0.440733,0.06491703652524494,0.0,0.7690604449749916,0.4263,0.4263
1.525253,53,0.12983352982807184,0.06491217733293708,565.554855931081,282.75744446227395,282.7974114688071,282.7974114688071,2.000141347318402,0.0,0.442326,0.06492135249513478,0.0,0.7747478779929698,0.4345,0.434
1.535354,54,0.12982761479530966,0.06491052590874585,565.529090048369,282.75025085849694,282.77883918987203,282.77883918987203,2.000101108067237,0.0,0.442595,0.06491708888656382,0.0,0.7707418248986095,0.4335,0.4328
1.545455,55,0.12983662431717533,0.06491001531520973,565.5683355256158,282.74802671305366,282.82030881256213,282.82030881256213,2.000255641393324,0.0,0.445441,0.06492660900196559,0.0,0.7710080957942678,0.4359,0.4355
1.555556,56,0.1298379532964653,0.06490900209289137,565.5741245594029,282.74361311663483,282.830511442768,282.830511442768,2.0003073396607456,0.0,0.446858,0.0649289512035739,0.0,0.7599884838955452,0.4256,0.4243
1.565657,57,0.1298421556552923,0.06491090918648186,565.5924300344533,282.751920416315,282.8405096181383,282.8405096181383,2.000313310698979,0.0,0.444366,0.06493124646881043,0.0,0.7647778260512373,0.4254,0.4254
1.575758,58,0.1298225997808554,0.06490973734163755,565.5072446454062,282.7468158601732,282.760428785233,282.760428785233,2.00004814528156,0.0,0.45064200000000004,0.06491286243921784,0.0,0.7630958542582651,0.4344,0.4337
1.585859,59,0.1298268384161618,0.06491016335442099,565.5257081408008,282.7486715718578,282.77703656894283,282.77703656894283,2.0001003187634003,0.0,0.451415,0.06491667506174077,0.0,0.7614346753333084,0.4321,0.4315
1.59596,60,0.12983129685659395,0.0649107121174121,565.5451291073233,282.7510619834472,282.7940671238761,282.7940671238761,2.0001520954161136,0.0,0.452173,0.06492058473918184,0.0,0.7574068631132722,0.4296,0.4287
1.606061,61,0.1298340993755073,0.06491068323532495,565.5573368797099,282.7509361730755,282.80640070663424,282.80640070663424,2.000196160388749,0.0,0.452928,0.06492341614018232,0.0,0.7608117288900844,0.4357,0.4357
1.616162,62,0.12983222512507162,0.0649125742692023,565.549172644812,282.75917351664526,282.7899991281667,282.7899991281667,2.0001090171934583,0.0,0.457051,0.0649196508558693,0.0,0.7577384290450384,0.4369,0.4369
1.626263,63,0.12982633185391124,0.06491148495403924,565.5235015556374,282.75442845979495,282.7690730958424,282.7690730958424,2.0000517927734225,0.0,0.454018,0.06491484689987198,0.0,0.7752415502879919,0.4757,0.4718
1.636364,64,0.129833447283671,0.06491244300448515,565.5544963676709,282.7586017275373,282.7958946401334,282.7958946401334,2.0001318895777827,0.0,0.455209,0.0649210042791858,0.0,0.7551669463735591,0.4335,0.4323
1.646465,65,0.12983425591638162,0.06490933309966886,565.5580187717584,282.74505498215757,282.8129637896008,282.8129637896008,2.000240176817407,0.0,0.46067499999999995,0.06492492281671276,0.0,0.7549022276822783,0.4372,0.4372
1.656566,66,0.12982842409402132,0.06490955858272499,565.5326153535568,282.74603718635007,282.7865781672069,282.7865781672069,2.000143383020537,0.0,0.458806,0.06491886551129634,0.0,0.7635620916331569,0.4514,0.4497
1.666667,67,0.12982125021941773,0.06491211507568696,565.5013659557836,282.75717326969243,282.7441926860912,282.7441926860912,1.9999540928230002,0.0,0.464343,0.06490913514373076,0.0,0.7487319038759938,0.4299,0.4297
1.676768,68,0.12982478374242803,0.06491131403431606,565.5167579820165,282.7536839334808,282.76307404853566,282.76307404853566,2.0000332095233007,0.0,0.46076399999999995,0.06491346970811195,0.0,0.7557469433308932,0.4445,0.444
1.686869,69,0.1298270870967805,0.0649122944458515,565.526791393576,282.75795460612915,282.7688367874469,282.7688367874469,2.0000384858538562,0.0,0.46011099999999994,0.06491479265092903,0.0,0.7547792826097116,0.4389,0.4386
1.69697,70,0.12984284920510744,0.06491351294845656,565.5954511374481,282.7632624034768,282.8321887339714,282.8321887339714,2.000243759850232,0.0,0.464542,0.06492933625665091,0.0,0.7491590958287335,0.4329,0.4329
1.707071,71,0.12982352376337566,0.06491247916893954,565.5112695132644,282.75875925990067,282.75251025336377,282.75251025336377,1.999977899865761,0.0,0.46557600000000005,0.06491104459443613,0.0,0.7521459320750231,0.443,0.4427
1.717172,72,0.12982111066482413,0.06490980167087951,565.500758055974,282.74709607835115,282.75366197762276,282.75366197762276,2.000023221809747,0.0,0.46555100000000005,0.06491130899394461,0.0,0.7463204330690035,0.4313,0.4312
1.727273,73,0.1298280047021631,0.06491336860440873,565.5307884826225,282.76263364080444,282.76815484181793,282.76815484181793,2.000019525921592,0.0,0.463916,0.06491463609775434,0.0,0.7552341221509182,0.4499,0.4499
1.737374,74,0.12984231257706805,0.0649118321324685,565.5931135857086,282.7559407690328,282.83717281667566,282.83717281667566,2.00028728679377,0.0,0.4702236000000001,0.06493048044459955,0.0,0.742250011972574,0.4332,0.4317
1.747475,75,0.12983810331519743,0.06491301814993845,565.5747780410001,282.76110706113195,282.8136709798683,282.8136709798683,2.000185895151149,0.0,0.4682697,0.06492508516525901,0.0,0.7535235634555024,0.4495,0.4495
1.757576,76,0.12982672933662348,0.064910745434373,565.5252329903319,282.75120711212884,282.7740258782031,282.7740258782031,2.000080702630087,0.0,0.4681246,0.06491598390225047,0.0,0.7430152111813322,0.4375,0.4359
1.767677,77,0.129824271579064,0.0649117049742999,565.514526998403,282.7553868680504,282.7591401303526,282.7591401303526,2.0000132738843415,0.0,0.46965370000000006,0.06491256660476413,0.0,0.746885022717587,0.4345,0.4344
1.777778,78,0.12982619595012412,0.06491107513166486,565.5229095587407,282.75264327353216,282.7702662852086,282.7702662852086,2.0000623266027593,0.0,0.4716733,0.06491512081845927,0.0,0.7445423739463218,0.4397,0.4393
1.787879,79,0.1298440174385127,0.06491224640475103,565.6005399621614,282.75774533909555,282.8427946230657,282.8427946230657,2.0003007849842214,0.0,0.46886730000000004,0.06493177103376163,0.0,0.7446769151188778,0.4352,0.4341
1.79798,80,0.12983572919232125,0.06491006055531633,565.5644363617514,282.74822377895794,282.81621258279336,282.81621258279336,2.0002404570501873,0.0,0.472344,0.0649256686370049,0.0,0.7458110490559426,0.442,0.4417
1.808081,81,0.12982206392475965,0.06491283420191406,565.504910456253,282.76030578353766,282.7446046727154,282.7446046727154,1.999944472012156,0.0,0.47836059999999997,0.06490922972284559,0.0,0.7474925761243766,0.4546,0.4541
1.818182,82,0.12984597201346054,0.06491135055463108,565.6090540906342,282.753843015973,282.8552110746611,282.8552110746611,2.000358502850419,0.0,0.47375140000000004,0.06493462145882944,0.0,0.7413604011992575,0.434,0.4336
1.828283,83,0.1298371072710038,0.06490900808999722,565.5704392724926,282.74363924002796,282.8268000324647,282.8268000324647,2.000294120825,0.0,0.4725111,0.06492809918100657,0.0,0.7411185893173652,0.4331,0.4316
1.838384,84,0.12984199261973764,0.06491167395025485,565.5917198515773,282.75525172731017,282.836468124267,282.836468124267,2.000287232143208,0.0,0.47337219999999997,0.06493031866948278,0.0,0.7407540169446948,0.4344,0.4342
1.848485,85,0.1298454700135987,0.06491155067908329,565.606867379236,282.75471475808683,282.8521526211491,282.8521526211491,2.0003446020808022,0.0,0.47548110000000005,0.06493391933451541,0.0,0.738798014643243,0.4303,0.4303
1.858586,86,0.129842985285248,0.0649098721443721,565.5960439025404,282.7474030608849,282.8486408416554,282.8486408416554,2.000358050258551,0.0,0.4750035,0.0649331131408759,0.0,0.7415693960602375,0.4331,0.4314
1.868687,87,0.1298354604913371,0.06491190457007334,565.5632659002644,282.7562563072395,282.807009593025,282.807009593025,2.000179494828685,0.0,0.47569690000000003,0.06492355592126377,0.0,0.7429025757149781,0.4414,0.4412
1.878788,88,0.12983708253391638,0.0649127142265467,565.5703315177398,282.7597831708374,282.81054834690235,282.81054834690235,2.000179534640661,0.0,0.47784610000000005,0.06492436830736968,0.0,0.7379923338942367,0.4371,0.4367
1.888889,89,0.12982466684982627,0.06491044298143732,565.5162487978432,282.749889627141,282.7663591707022,282.7663591707022,2.0000582477453235,0.0,0.4747382,0.06491422386838892,0.0,0.7419967444113923,0.4363,0.4363
1.89899,90,0.12983700131313827,0.064912373156533,565.5699777200304,282.75829746985784,282.81168025017246,282.81168025017246,2.000188792975458,0.0,0.4803116,0.06492462815660524,0.0,0.7407063345051623,0.4372,0.4372
1.909091,91,0.12983238098100644,0.06491145020305318,565.5498515532641,282.7542770844997,282.7955744687646,282.7955744687646,2.0001460539684515,0.0,0.4772287,0.0649209307779533,0.0,0.7401102259431734,0.4369,0.4367
1.919192,92,0.12982541501416525,0.06490990847356223,565.5195078017039,282.7475613108371,282.77194649086664,282.77194649086664,2.0000862436440356,0.0,0.47851370000000004,0.06491550654060299,0.0,0.7419540242849791,0.4469,0.4469
1.929293,93,0.12983654339479364,0.06490927482604238,565.5679830277212,282.7448011422406,282.8231818854808,282.8231818854808,2.000277213738054,0.0,0.47895200000000004,0.06492726856875132,0.0,0.736026063753494,0.4298,0.4294
1.939394,94,0.12982549936353896,0.06491074019074129,565.5198752275758,282.7511842708691,282.7686909567067,282.7686909567067,2.000061915517287,0.0,0.4809776,0.06491475917279768,0.0,0.7431171683683968,0.4469,0.4464
1.949495,95,0.1298460676646493,0.06491230972621363,565.6094707472123,282.7580211673866,282.8514495798258,282.8514495798258,2.0003304182567603,0.0,0.48221959999999997,0.06493375793843567,0.0,0.7420032359248642,0.4443,0.4433
1.959596,96,0.1298288515982106,0.06491052305136481,565.5344775618054,282.75023841174516,282.7842391500601,282.7842391500601,2.0001202500783237,0.0,0.48291539999999994,0.06491832854684575,0.0,0.7380964907889089,0.4402,0.4382
1.969697,97,0.12982652008876275,0.06491060524213889,565.5243215066506,282.750596434757,282.7737250718935,282.7737250718935,2.0000817987209514,0.0,0.4805866,0.06491591484662386,0.0,0.7433889723261554,0.4483,0.4481
1.979798,98,0.1298208050897077,0.0649092655116482,565.4994269707668,282.7447605687396,282.7546664020272,282.7546664020272,2.000035034542347,0.0,0.4833078,0.06491153957805951,0.0,0.7436385681356258,0.4493,0.4477
1.989899,99,0.12983721916644175,0.06491235434813969,565.5709266890203,282.75821554049656,282.8127111485236,282.8127111485236,2.0001927286460024,0.0,0.48229259999999996,0.06492486481830201,0.0,0.7399501058335968,0.439,0.4389
2.0,100,0.12984911877262717,0.06491277302142105,565.622761373564,282.7600392813101,282.8627220922538,282.8627220922538,2.000363144704622,0.0,0.4845739,0.0649363457512061,0.0,0.7398902256750765,0.4501,0.4499
