size_ratio,normalised_l1_separation,overlap_fraction,small_large_spatial_correlation,small_centre_x,small_centre_z,large_centre_x,large_centre_z,centre_of_mass_separation
1.0,0.04532776771315915,0.9546722322868407,0.9886380324545606,-12.215514987018684,-10.047915243334591,-12.257527837923755,-10.235517883653863,0.19224939608730535
1.005,0.04986591117737025,0.9501340888226296,0.986070660632149,-12.214238361164222,-10.038598312412619,-12.266365306319509,-10.235801825559454,0.20397657710795206
1.01,0.054556772350443414,0.9454432276495566,0.9831418076250059,-12.21292377306364,-10.028988475753208,-12.27532042270562,-10.236279555453008,0.21647848301771938
1.015,0.05939036336697253,0.9406096366330275,0.9798320933972564,-12.211571825141641,-10.019096371164135,-12.284370973645325,-10.236971722015245,0.22971587783902836
1.02,0.06435598013213362,0.9356440198678663,0.9761239799085268,-12.210183301001075,-10.008934871823833,-12.29349323315235,-10.237898713039499,0.2436493081855208
1.025,0.06944485888706534,0.9305551411129349,0.9719960330956291,-12.208759163805693,-9.998519083401186,-12.302662229522713,-10.239080274404722,0.2582391766717336
1.03,0.07465162305552804,0.9253483769444718,0.9674327190037284,-12.207300551391317,-9.987866302930971,-12.311852045507152,-10.240535123151284,0.2734456941211149
1.035,0.07996943313866858,0.9200305668613317,0.9624458588226938,-12.205808767946392,-9.9769959372377,-12.321036143206706,-10.242280569620345,0.28922877482673903
1.04,0.08538699067435113,0.9146130093256487,0.9570076479196907,-12.20428527219875,-9.965929379834366,-12.330187703997131,-10.24433216390441,0.30554792179083445
1.045,0.09089489885372422,0.9091051011462756,0.951090564672825,-12.202731662153353,-9.954689846516247,-12.339279973289582,-10.24670338111857,0.32236213435373906
1.05,0.09648671397744736,0.9035132860225525,0.9447199574456184,-12.201149656542517,-9.943302171269636,-12.348286600058106,-10.249405358236174,0.33962985913812294
1.055,0.1021517643490953,0.8978482356509047,0.9379413022750112,-12.199541073269282,-9.931792565554366,-12.357181961794968,-10.252446692535116,0.3573089963672269
1.06,0.10787819435065339,0.8921218056493466,0.9307470541420723,-12.197907805240954,-9.920188345420705,-12.365941466824912,-10.255833308258762,0.37535696677146246
1.065,0.11365604666167396,0.8863439533383262,0.9231389243719346,-12.196251794096844,-9.90851763220658,-12.374541827599193,-10.25956839417265,0.39373083892835614
1.07,0.11947396583065456,0.8805260341693453,0.9151345562879545,-12.194575002425896,-9.89680903365221,-12.382961300546862,-10.263652410608874,0.41238751258578465
1.075,0.12531967409823094,0.874680325901769,0.9067751734543995,-12.192879385140538,-9.885091313098524,-12.39117989010845,-10.268083160668462,0.4312839500556031
1.08,0.1311824300054695,0.8688175699945305,0.8980466712232839,-12.191166860719052,-9.873393054949695,-12.39917951653859,-10.272855916821625,0.4503774450347286
1.085,0.13705156182680836,0.8629484381731917,0.8889943192437534,-12.189439283046696,-9.86174233474618,-12.40694414877474,-10.27796359148611,0.4696259162115527
1.09,0.1429165221846944,0.8570834778153056,0.8796471743109336,-12.187698414575136,-9.850166402002175,-12.414459904992308,-10.283396938490888,0.48898821180322444
1.095,0.14876774381395902,0.8512322561860409,0.8700358696174357,-12.185945901481015,-9.838691383424559,-12.421715124303747,-10.289144771775662,0.508424410809931
1.1,0.1545970378153046,0.8454029621846956,0.8601920324451215,-12.184183251440427,-9.82734201328546,-12.428700413358968,-10.295194188274875,0.5278961073118693
1.105,0.16039591619770596,0.8396040838022941,0.8501789934235296,-12.182411814550802,-9.816141396622648,-12.435408671363996,-10.301530783627665,0.5473666655674813
1.11,0.16615668603880424,0.8338433139611957,0.8400012139322824,-12.180632767829762,-9.805110809660347,-12.44183509630373,-10.308138851991187,0.5668014359292152
1.115,0.1718726077726231,0.828127392227377,0.8296898988534809,-12.178847103608621,-9.794269540454614,-12.44797717403165,-10.315001564575702,0.5861679245328504
1.12,0.17753793951433974,0.8224620604856603,0.819312080544188,-12.177055622021335,-9.78363477135023,-12.453834650518774,-10.322101125257175,0.6054359131285708
1.125,0.18314753889023686,0.8168524611097632,0.8088629270911067,-12.175258927674003,-9.773221503463422,-12.459409486117003,-10.329418905394645,0.6245775290374382
1.13,0.1886974762910212,0.8113025237089787,0.7982873806519368,-12.173457430470318,-9.763042522140431,-12.46470578939367,-10.33693556339576,0.6435672687270833
1.135,0.19418470614752592,0.8058152938524743,0.7876836963049063,-12.171651350468752,-9.75310840123607,-12.469729727145648,-10.344631157250596,0.6623819815826477
1.1400000000000001,0.1996074182881451,0.8003925817118549,0.7771183036257058,-12.169840726559972,-9.743427543143792,-12.474489406794508,-10.352485259852733,0.6810008227978532
1.145,0.20496439462554647,0.7950356053744535,0.7665697500282318,-12.168025428680858,-9.734006250808484,-12.478994727644727,-10.36047708719999,0.6994051856736221
1.15,0.21025483669058068,0.7897451633094192,0.7560067364394267,-12.166205173223666,-9.72484882746917,-12.48325719852468,-10.368585648402629,0.7175786238266787
1.155,0.2154792785293705,0.7845207214706297,0.7453882647092616,-12.164379541256253,-9.715957699602539,-12.487289721096948,-10.376789923881477,0.7355067728377479
1.16,0.22063854769150412,0.7793614523084957,0.7349222096915368,-12.16254799913961,-9.707333558450266,-12.491106340481412,-10.38506907445569,0.7531772788131714
1.165,0.22573442231292734,0.7742655776870726,0.7245218009573157,-12.160709921111286,-9.698975515587902,-12.494721967538206,-10.393402679616269,0.7705797384429335
1.17,0.23076911936454456,0.7692308806354555,0.714194291390201,-12.158864613395155,-9.690881268199963,-12.498152079885267,-10.401770998704096,0.7877056517846746
1.175,0.23574496055181907,0.7642550394481809,0.7039449226101275,-12.157011339397279,-9.683047270033237,-12.501412411120155,-10.410155244562398,0.8045483856349259
1.18,0.24066461366052877,0.7593353863394711,0.6936606139721939,-12.155149345553065,-9.675468904377704,-12.504518639441518,-10.418537856080437,0.8211031424228721
1.185,0.24553123927683762,0.7544687607231624,0.6834533916821618,-12.15327788739935,-9.668140655843027,-12.5074860876665,-10.426902754325749,0.8373669274758806
1.19,0.250348335399841,0.7496516646001588,0.6734470563543727,-12.151396255457039,-9.661056278134959,-12.510329446383269,-10.435235566911713,0.8533385065256143
1.195,0.25511940044481884,0.7448805995551813,0.6635243798257742,-12.14950380052286,-9.654208955469404,-12.513062530679475,-10.443523806860496,0.8690183455483735
1.2,0.25984733490718426,0.7401526650928159,0.6536840007859671,-12.147599957983125,-9.64759145567787,-12.515698078706464,-10.451756995258352,0.8844085263772731
1.205,0.264535767363805,0.7354642326361951,0.6438581132852276,-12.145684270778272,-9.641196273445841,-12.518247597548397,-10.45992672103802,0.899512633745915
1.21,0.2691872748067551,0.730812725193245,0.6341746388447616,-12.14375641066387,-9.635015762478668,-12.520721258799586,-10.468026635732352,0.9143356121735874
1.215,0.27380594193611624,0.7261940580638838,0.6244979845620711,-12.141816197433364,-9.62904225570519,-12.523127843252974,-10.476052385483321,0.9288835939903476
1.22,0.2783936808693991,0.7216063191306008,0.6149614877829315,-12.139863615790489,-9.623268172907544,-12.525474731462863,-10.484001486490385,0.9431637024617681
1.225,0.28295256938124197,0.7170474306187579,0.6054954657375996,-12.137898829585977,-9.61768611540843,-12.527767934876891,-10.49187315310032,0.9571838361197182
1.23,0.28748558411071656,0.7125144158892835,0.5960977925507384,-12.135922193165062,-9.612288947658124,-12.530012160847557,-10.499668089694568,0.9709524418576462
1.235,0.2919938094465356,0.7080061905534644,0.5867667535081935,-12.133934259610053,-9.607069865747512,-12.532210904145904,-10.507388258392506,0.9844782850411699
1.24,0.296479345055171,0.7035206549448293,0.5775011407058454,-12.131935785706425,-9.60202245303425,-12.534366557542276,-10.51503663446056,0.9977702248543776
1.245,0.30094194802622204,0.699058051973778,0.5682242041748727,-12.129927733511748,-9.597140723212133,-12.5364805344693,-10.522616960386816,1.0108370024595665
1.25,0.3053855105514108,0.6946144894485893,0.5590870473625903,-12.127911268463947,-9.592419151281877,-12.538553397593258,-10.530133508081416,1.0236870484497822
1.255,0.3098082921739107,0.6901917078260895,0.5500153816434379,-12.125887754028291,-9.587852692998155,-12.54058498814052,-10.537590856831,1.0363283146864792
1.26,0.3142086017575125,0.6857913982424876,0.5410105386358887,-12.123858742949789,-9.583436793474586,-12.542574551923087,-10.544993692684141,1.0487681340990758
1.2650000000000001,0.31858537164237044,0.6814146283576298,0.5320745087883648,-12.121825965247657,-9.579167385726544,-12.544520859075089,-10.552346633044463,1.0610131105118612
1.27,0.3229378177315111,0.6770621822684889,0.5232914791941443,-12.11979131315921,-9.57504088002038,-12.546422315475805,-10.559654078520644,1.0730690391575857
1.275,0.3272653729982607,0.6727346270017394,0.5145850477216384,-12.117756823309291,-9.571054144976854,-12.54827706465092,-10.56692009260327,1.0849408573036206
1.28,0.3315667213057486,0.6684332786942514,0.5058754374277808,-12.115724656445737,-9.567204481443309,-12.550083079593902,-10.574148308540632,1.0966326233927044
1.2850000000000001,0.3358387179179998,0.6641612820820003,0.4972483514927767,-12.113697075138786,-9.563489590202703,-12.551838244436423,-10.581341861873119,1.1081475222993218
1.29,0.340078500854398,0.6599214991456022,0.4887083683673347,-12.11167641989009,-9.559907534624294,-12.55354042623536,-10.588503346439179,1.1194878937204344
1.295,0.3442860414909976,0.6557139585090024,0.4801740870181591,-12.109665084133239,-9.556456699379819,-12.555187537358174,-10.595634791254065,1.130655280339222
1.3,0.3484612914317536,0.6515387085682465,0.4718222621958502,-12.107665488630158,-9.553135746347676,-12.556777589064355,-10.60273765544751,1.141650492200846
1.305,0.3525991030625159,0.6474008969374845,0.46348465253699955,-12.105680055776165,-9.54994356880565,-12.55830873692416,-10.609812838389683,1.152473683693629
1.31,0.35669612720011495,0.6433038727998849,0.45534176588842784,-12.103711184319295,-9.54687924496947,-12.55977931871066,-10.61686070219998,1.1631244396126967
1.315,0.3607491976391615,0.6392508023608384,0.4473115336963266,-12.101761224977825,-9.543941991870712,-12.561187885366817,-10.623881103987323,1.1736018669699686
1.32,0.36475553451077486,0.6352444654892254,0.4393989443735878,-12.099832457404359,-9.541131120485101,-12.562533225600856,-10.630873435386947,1.183904689481912
1.325,0.36871346543457095,0.631286534565429,0.4316999312778804,-12.097927068896764,-9.538445992923283,-12.563814384612355,-10.637836667213568,1.1940313419928001
1.33,0.3726204029475851,0.6273795970524148,0.4240373033283233,-12.096047135198127,-9.535885982384155,-12.565030677405234,-10.64476939732639,1.2039800624574646
1.335,0.37647488615745844,0.6235251138425415,0.4165980971536694,-12.094194603661938,-9.533450436449227,-12.566181697106106,-10.651669900083037,1.2137489794959089
1.34,0.38027430712546295,0.6197256928745369,0.4092016130121154,-12.092371278987972,-9.531138644169848,-12.567267318679589,-10.658536176036112,1.2233361939274598
1.345,0.3840171659072187,0.6159828340927812,0.4018490700687411,-12.090578811661306,-9.528949807271182,-12.568287698415345,-10.665366000789186,1.2327398530808245
1.35,0.38770112422687897,0.6122988757731211,0.3947301928430319,-12.088818689154714,-9.526883015671759,-12.569243269553585,-10.67215697217237,1.2419582170467718
1.355,0.39132475148931434,0.6086752485106856,0.38765892409210423,-12.087092229885652,-9.524937227399255,-12.570134734414506,-10.678906555117285,1.250989716382797
1.3599999999999999,0.3948882451588162,0.6051117548411837,0.3808265270628836,-12.085400579855534,-9.523111252874441,-12.570963053400062,-10.68561212380405,1.2598330010865646
1.365,0.39838973701462427,0.6016102629853756,0.3743319507295266,-12.083744711842625,-9.521403743439238,-12.571729431241062,-10.6922710008178,1.2684869809215888
1.37,0.40182824417819224,0.5981717558218077,0.36779225373313346,-12.082125426972295,-9.519813183922736,-12.572435300867028,-10.698880493188948,1.2769508574016992
1.375,0.405203493471811,0.5947965065281892,0.36149582757485155,-12.080543358449914,-9.51833788897236,-12.57308230527838,-10.70543792530024,1.285224147918389
1.38,0.4085154495059935,0.5914845504940065,0.3553461183014432,-12.078998977213157,-9.516976002826269,-12.573672277799137,-10.711940668726822,1.2933067026283624
1.385,0.4117638693261342,0.5882361306738657,0.3494400159401672,-12.077492599241591,-9.515725502167266,-12.574207221082913,-10.718386169134323,1.3011987148090083
1.3900000000000001,0.4149490053786795,0.5850509946213204,0.34358099425585803,-12.076024394251498,-9.514584201677225,-12.574689285234662,-10.724771970397635,1.3089007254409077
1.395,0.41807153966787314,0.5819284603321268,0.3377662458970706,-12.074594395502649,-9.513549761902913,-12.575120745395644,-10.731095736122175,1.3164136227929026
1.4,0.4211325860432928,0.5788674139567073,0.33219037483455977,-12.073202510449521,-9.512619699047342,-12.575503979119997,-10.737355268753403,1.3237386377724822
1.405,0.4241331784320963,0.5758668215679037,0.3266536510064498,-12.071848531981807,-9.511791396314072,-12.575841443847972,-10.743548526451917,1.3308773357664323
1.4100000000000001,0.42707372839036856,0.5729262716096314,0.3214510331845604,-12.070532150015987,-9.511062116452473,-12.576135654754893,-10.749673637894508,1.3378316056414639
1.415,0.4299591870296645,0.5700408129703356,0.316182259347421,-12.069252963220894,-9.510429015178802,-12.5763891632263,-10.755728915138063,1.344603646504972
1.42,0.4327879687133556,0.5672120312866443,0.31104263862048265,-12.068010490683415,-9.50988915517857,-12.576604536179634,-10.761712864656815,1.351195952749298
1.425,0.4355600311966477,0.5644399688033521,0.3060289851466992,-12.066804183345683,-9.509439520428769,-12.576784336422014,-10.767624196635893,1.3576112978220913
1.43,0.43827824385918157,0.5617217561408183,0.30113799177284595,-12.065633435070467,-9.50907703061247,-12.576931104202892,-10.773461832577745,1.3638527170853225
1.435,0.4409422041071527,0.5590577958928473,0.29646726733881507,-12.06449759321672,-9.508798555431902,-12.577047340089809,-10.779224911254255,1.3699234900488908
1.44,0.4435542682682297,0.5564457317317703,0.29181163153478945,-12.063395968631674,-9.50860092865843,-12.577135489266517,-10.7849127930178,1.3758271221947211
1.445,0.4461149809663207,0.5538850190336793,0.28726832695394333,-12.062327844988364,-9.508480961787985,-12.577197927324772,-10.790525062469372,1.3815673265451263
1.45,0.44862694325132774,0.5513730567486722,0.2828338817555609,-12.061292487418893,-9.508435457198125,-12.577236947595269,-10.796061529472412,1.387148005076315
1.455,0.45109093733948097,0.548909062660519,0.2785048495748557,-12.060289150412068,-9.508461220727304,-12.57725475003933,-10.801522228496685,1.3925732300355134
1.46,0.4535083586537908,0.546491641346209,0.2742778306950701,-12.059317084961256,-9.508555073618531,-12.577253431701216,-10.806907416277825,1.397847225187078
1.465,0.4558792583615918,0.5441207416384084,0.2701494904594119,-12.058375544962109,-9.508713863787682,-12.577234978701489,-10.812217567784097,1.4029743469902525
1.47,0.4582049615730494,0.5417950384269506,0.26611657500359015,-12.057463792872356,-9.508934476391968,-12.57720125973478,-10.817453370492615,1.407959065697206
1.475,0.4604866795959813,0.5395133204040187,0.26217592442206916,-12.056581104655542,-9.509213843686412,-12.577154021020421,-10.822615716991388,1.4128059463541534
1.48,0.46272563141588074,0.5372743685841194,0.25832448350632425,-12.055726774038623,-9.509548954165735,-12.577094882641667,-10.827705695940823,1.4175196296896317
1.4849999999999999,0.4649235077227064,0.5350764922772935,0.2545593102120458,-12.054900116119356,-9.509936860996433,-12.577025336198847,-10.83272458144763,1.4221048128810803
1.49,0.4670813522419011,0.5329186477580988,0.2508775820251664,-12.054100470363956,-9.51037468974924,-12.57694674369313,-10.837673820924659,1.4265662302021687
1.495,0.46919981399295685,0.5308001860070432,0.24727660040454846,-12.053327203038128,-9.510859645445494,-12.57686033755116,-10.842555021531266,1.430908633568638
1.5,0.47127996817625106,0.5287200318237488,0.24375379348283985,-12.052579709116706,-9.511389018933501,-12.576767221695853,-10.847369935309827,1.4351367730169968
1.505,0.47332277430264735,0.5266772256973525,0.24020280654243648,-12.05185741371714,-9.511960192611769,-12.576668373565658,-10.852120443153572,1.4392553771688301
1.51,0.475329852399657,0.5246701476003429,0.23693305509806478,-12.051159773102114,-9.51257064551641,-12.576564646982867,-10.856808537759699,1.4432691337516814
1.5150000000000001,0.47730149759067714,0.5226985024093229,0.23352641970456617,-12.050486275295379,-9.513217957789749,-12.576456775771362,-10.861436305737758,1.4471826702647512
1.52,0.4792391320847852,0.5207608679152149,0.2303973355961831,-12.049836440352978,-9.513899814546237,-12.576345378025202,-10.866005909057474,1.451000534894169
1.525,0.4811437267024894,0.5188562732975104,0.2271268056758389,-12.049209820330212,-9.514614009151128,-12.57623096093151,-10.87051956603143,1.4547271777964326
1.53,0.4830150988134644,0.5169849011865356,0.22402599274762247,-12.048605998981806,-9.515358445926035,-12.576113926054378,-10.874979532036505,1.4583669328809594
1.5350000000000001,0.4848545058967378,0.5151454941032622,0.2208840778128884,-12.048024591230304,-9.51613114229484,-12.575994574990123,-10.87938808018343,1.4619240002314475
1.54,0.486664807608773,0.513335192391227,0.21769890286340157,-12.047465242434615,-9.516930230382215,-12.575873115309124,-10.88374748214627,1.4654024293127141
1.545,0.48844517015581784,0.5115548298441821,0.2147840307172569,-12.046927627487698,-9.517753958076586,-12.575749666704489,-10.888059989363345,1.4688061031130946
1.55,0.49019475939075036,0.5098052406092495,0.21192829754231507,-12.046411449769451,-9.518600689568636,-12.57562426727352,-10.892327814817651,1.4721387233734187
1.5550000000000002,0.49191408018129346,0.5080859198187065,0.20891951015253785,-12.045916439977804,-9.51946890537627,-12.575496879863826,-10.896553115598817,1.475403797051549
1.56,0.4936038189414043,0.5063961810585959,0.20617796482902434,-12.045442354858347,-9.520357201866867,-12.575367398422188,-10.900737976440062,1.4786046241667965
1.565,0.4952646435873091,0.5047353564126907,0.20328031489749274,-12.044988975849854,-9.521264290287618,-12.57523565429063,-10.904884394412676,1.4817442871617594
1.57,0.49689761445565106,0.5031023855443492,0.2004363513719581,-12.044556107660721,-9.522188995315338,-12.575101422400497,-10.908994264947252,1.4848256419092354
1.5750000000000002,0.49850412151902934,0.5014958784809709,0.19785746561769818,-12.044143576788803,-9.52313025313727,-12.574964427321554,-10.913069369335833,1.4878513104807067
1.58,0.5000829384024007,0.4999170615975992,0.19533089513311172,-12.043751229994923,-9.52408710907533,-12.574824349129651,-10.917111363852294,1.4908236757794016
1.585,0.501634117525138,0.49836588247486197,0.19274940355461484,-12.043378932738433,-9.52505871476671,-12.574680829062146,-10.921121770609659,1.4937448781256888
1.5899999999999999,0.5031587508820583,0.4968412491179416,0.19032468183624146,-12.043026567581261,-9.52604432491483,-12.574533474936421,-10.925101970253408,1.4966168138660523
1.595,0.5046565365781723,0.49534346342182795,0.1879496591829497,-12.04269403256547,-9.527043293625303,-12.574381866312313,-10.929053196568873,1.4994411360591153
1.6,0.5061282212649136,0.49387177873508625,0.18551696037894538,-12.04238123956782,-9.528055070342743,-12.574225559384336,-10.932976533058998,1.5022192572730095
1.605,0.5075740309899214,0.4924259690100787,0.18323894189255666,-12.042088112633934,-9.529079195405119,-12.57406409159484,-10.93687291152626,1.5049523545088017
1.6099999999999999,0.5089947210477986,0.4910052789522014,0.1806878282127294,-12.041814586293494,-9.530115295233497,-12.573896985963383,-10.940743112669576,1.5076413762440142
1.615,0.5103897852031111,0.4896102147968889,0.17893125780351415,-12.041560603857407,-9.531163077176094,-12.573723755132148,-10.944587768683917,1.5102870515695503
1.62,0.5117594905542782,0.4882405094457216,0.17690024663886314,-12.041326115697334,-9.532222324026687,-12.573543905130704,-10.94840736782707,1.5128899013719517
1.625,0.5131041568758749,0.4868958431241251,0.17480793950751744,-12.041111077507658,-9.533292888238634,-12.573356938866896,-10.952202260895186,1.5154502514918289
1.63,0.5144243670462463,0.48557563295375383,0.17276037918904447,-12.040915448550026,-9.534374685857028,-12.573162359353569,-10.95597266952623,1.5179682477681324
1.635,0.5157202420037876,0.4842797579962124,0.1707569345502524,-12.040739189880584,-9.5354676901928,-12.572959672683272,-10.959718696228911,1.5204438728573977
1.6400000000000001,0.5169925184274382,0.48300748157256174,0.1687969839876395,-12.040582262560457,-9.536571925263964,-12.57274839076523,-10.963440336013827,1.5228769646968527
1.645,0.5182430685302984,0.48175693146970155,0.16687991285189063,-12.0404446258504,-9.537687459030725,-12.572528033840383,-10.967137489484305,1.5252672364611968
1.65,0.5194711995737753,0.4805288004262245,0.16511202653212503,-12.040326235391364,-9.538814396452711,-12.572298132791712,-10.970809977226434,1.5276142978445832
1.655,0.5206773368091232,0.479322663190877,0.1632789191756992,-12.040227041373235,-9.539952872398223,-12.572058231267642,-10.974457555321472,1.5299176774824295
1.6600000000000001,0.5218617153553803,0.4781382846446197,0.16137988519971705,-12.040146986695307,-9.541103044437286,-12.571807887636792,-10.978079931789663,1.532176846312083
1.665,0.5230254657151885,0.47697453428481157,0.1596282449773662,-12.040086005122706,-9.542265085551943,-12.57154667679239,-10.981676783762216,1.5343912416578032
1.67,0.5241670879002558,0.47583291209974415,0.15802347159904237,-12.040044019444428,-9.543439176799389,-12.571274191824159,-10.985247775168318,1.5365602918132355
1.675,0.5252867367847402,0.4747132632152598,0.15635090584930128,-12.040020939639664,-9.54462549996527,-12.570990045574804,-10.988792574716584,1.5386834408848775
1.6800000000000002,0.5263850807140207,0.4736149192859792,0.15471693183775664,-12.040016661060477,-9.545824230246748,-12.57069387209718,-10.992310873945202,1.5407601736518615
1.685,0.5274642521065377,0.4725357478934625,0.1531209190406726,-12.040031062640068,-9.547035529006667,-12.570385328026813,-10.99580240511276,1.5427900401921586
1.69,0.5285232938312846,0.4714767061687155,0.15156222815691892,-12.04006400513727,-9.548259536642275,-12.570064093882875,-10.999266958701787,1.544772680021931
1.695,0.5295636621527154,0.4704363378472847,0.15004021000185883,-12.04011532942902,-9.549496365613685,-12.569729875308848,-11.002704400309627,1.5467078454938865
1.7000000000000002,0.5305852605664565,0.46941473943354356,0.14855420450758844,-12.040184854863853,-9.55074609367886,-12.569382404262168,-11.006114686706782,1.5485954242026079
1.705,0.5315870276544861,0.4684129723455138,0.1473176612877767,-12.040272377690458,-9.552008757383454,-12.569021440160014,-11.009497880850287,1.5504354601487123
1.71,0.5325692583084477,0.4674307416915524,0.14622237797155954,-12.040377669576374,-9.553284345854685,-12.568646770986199,-11.01285416564986,1.5522281734207974
1.7149999999999999,0.5335322634976878,0.46646773650231227,0.14505385926984724,-12.040500476232463,-9.554572794949268,-12.56825821436199,-11.016183856296834,1.553973978163455
1.72,0.5344767266124731,0.46552327338752697,0.14381176661129633,-12.040640516159701,-9.55587398180556,-12.567855618581538,-11.019487410980256,1.5556734986115117
1.725,0.5354037838573353,0.4645962161426648,0.14260213310286293,-12.040797479534824,-9.557187719849715,-12.567438863610452,-11.022765439830827,1.557327582985073
1.73,0.5363132863722585,0.4636867136277414,0.14131769205611872,-12.04097102725163,-9.558513754304585,-12.567007862044301,-11.026018711951465,1.558937315056916
1.7349999999999999,0.5372053607635715,0.46279463923642833,0.14006426537095013,-12.041160790134429,-9.559851758248568,-12.566562560021962,-11.02924816041299,1.5605040232228502
1.74,0.5380804342228785,0.46191956577712145,0.13884108338439016,-12.04136636833965,-9.56120132926899,-12.566102938087289,-11.032454885114499,1.5620292869272883
1.745,0.538940264252446,0.46105973574755404,0.13764736156869609,-12.041587330960652,-9.56256198675145,-12.56562901199136,-11.035640153430531,1.5635149403200759
1.75,0.5397844867840371,0.4602155132159627,0.13648230072986364,-12.04182321584955,-9.563933169842487,-12.565140833426572,-11.038805398590496,1.5649630730463282
1.755,0.5406131690300678,0.4593868309699324,0.13534508735289436,-12.042073529668468,-9.565314236117965,-12.564638490683146,-11.041952215760451,1.5663760280989099
1.76,0.5414262215456537,0.4585737784543464,0.1342348940975442,-12.042337748180461,-9.566704460983917,-12.56412210921832,-11.045082355822347,1.567756396692609
1.7650000000000001,0.5422253703074905,0.45777462969250937,0.13315088044701706,-12.042615316788266,-9.568103037829946,-12.563591852128503,-11.048197716871966,1.5691070101505564
1.77,0.5430105193902467,0.4569894806097533,0.13209219351058357,-12.042905651326501,-9.569509078948192,-12.563047920514602,-11.051300333482706,1.5704309288253067
1.775,0.5437818243582485,0.45621817564175143,0.13105796897939295,-12.04320813910999,-9.570921617222764,-12.562490553731621,-11.054392363809123,1.5717314281112926
1.78,0.544539466467894,0.45546053353210625,0.13004733223286719,-12.043522140237982,-9.572339608586319,-12.56192002951405,-11.057476074630461,1.5730119816390362
1.7850000000000001,0.5452838145669517,0.4547161854330485,0.129059399591078,-12.043846989150724,-9.573761935231433,-12.561336663969549,-11.060553824460849,1.5742762417766671
1.79,0.5460166918729191,0.45398330812708065,0.12809327970644369,-12.044181996431504,-9.575187409555392,-12.560740811434583,-11.063628044878541,1.5755280175987239
1.795,0.5467371384182248,0.4532628615817753,0.12714807508602968,-12.04452645084395,-9.576614778807876,-12.560132864186652,-11.066701220251856,1.5767712505164815
1.8,0.5474453220570001,0.45255467794299986,0.12622288373372656,-12.044879621590928,-9.578042730401794,-12.559513252009122,-11.069775866063376,1.5780099877973348
1.8050000000000002,0.5481419561377677,0.4518580438622324,0.12521024065068917,-12.045240760778086,-9.579469897838816,-12.558882441605784,-11.07285450605683,1.5792483542324725
1.81,0.548828190143283,0.451171809856717,0.12432236978565667,-12.045609106062082,-9.58089486719281,-12.558240935863425,-11.075939648451884,1.5804905222415806
1.815,0.549504344440736,0.45049565555926374,0.12345179782733043,-12.04598388346049,-9.582316184086634,-12.55758927296191,-11.07903376149094,1.5817406807305403
1.82,0.5501699356235207,0.4498300643764791,0.12259762308258972,-12.046364310297898,-9.583732361091002,-12.556928025332091,-11.082139248598308,1.5830030030416395
1.8250000000000002,0.5508253712477682,0.449174628752232,0.12186546856468872,-12.046749598260547,-9.585141885468278,-12.556257798462859,-11.085258423445323,1.584281614355741
1.83,0.5514716811317936,0.44852831886820654,0.1210413934951947,-12.047138956529954,-9.586543227179476,-12.555579229559312,-11.088393485225026,1.585580558921449
1.835,0.5521096935401606,0.44789030645983935,0.1202310482106419,-12.047531594964806,-9.587934847069173,-12.554892986054595,-11.091546494445936,1.586903767496829
1.8399999999999999,0.5527398385536391,0.4472601614463608,0.11943356335480089,-12.047926727299455,-9.58931520514126,-12.554199763978483,-11.094719349556504,1.5882550253944734
1.845,0.5533621852307543,0.44663781476924563,0.11864808271559799,-12.048323574327238,-9.59068276883765,-12.55350028618616,-11.097913764709237,1.589637941520221
1.85,0.5539764447704566,0.4460235552295432,0.11787376517900135,-12.048721367036975,-9.592036021232902,-12.552795300450889,-11.10113124896605,1.5910559187892601
1.855,0.5545837415603165,0.4454162584396836,0.11700334580728401,-12.049119349671857,-9.593373469060069,-12.552085577424693,-11.104373087234162,1.5925121262904633
1.8599999999999999,0.5551841543562382,0.44481584564376203,0.11624891578560381,-12.04951678268122,-9.594693650486482,-12.551371908471438,-11.107640323204304,1.5940094735508459
1.865,0.5557780395588223,0.44422196044117773,0.11539675685029545,-12.049912945537464,-9.59599514256308,-12.55065510337707,-11.110933744540626,1.5955505872267246
1.87,0.5563655894610434,0.44363441053895647,0.11465907829755528,-12.050307139392615,-9.597276568276985,-12.54993598794246,-11.114253870544252,1.5971377905169348
1.875,0.5569468949752913,0.4430531050247085,0.11392864742723319,-12.050698689551522,-9.59853660314383,-12.54921540146483,-11.117600942480257,1.5987730855566942
1.88,0.5575225540127446,0.442477445987255,0.11309825269253956,-12.051086947741778,-9.599773981284361,-12.548494194114777,-11.120974916721657,1.6004581390088506
1.885,0.5580930420336812,0.44190695796631874,0.11206037038667953,-12.0514712941633,-9.600987500938128,-12.547773224216867,-11.124375460823751,1.6021942710231418
1.8900000000000001,0.5586582909994061,0.4413417090005938,0.11177383055422117,-12.05185113930413,-9.602176029376174,-12.547053355443314,-11.127801952599299,1.6039824476843785
1.895,0.559218615486591,0.44078138451340915,0.11106551520478221,-12.052225925512186,-9.60333850718371,-12.54633545393148,-11.13125348221951,1.6058232770181742
1.9,0.559774319632102,0.4402256803678979,0.11036114841382591,-12.052595128316318,-9.604473951893096,-12.545620385337958,-11.134728857319388,1.6077170085691335
1.905,0.5603256948252794,0.4396743051747205,0.10976649983963645,-12.052958257493316,-9.6055814609566,-12.544909011843533,-11.138226611038945,1.6096635365121128
1.9100000000000001,0.5608730206021861,0.4391269793978138,0.10906832117264552,-12.053314857880826,-9.606660214057147,-12.544202189125425,-11.141745012885702,1.611662406203901
1.915,0.561416561584734,0.4385834384152661,0.10847870111962685,-12.053664509939322,-9.607709474763864,-12.543500763314933,-11.145282082259534,1.6137128240309957
1.92,0.5619566744976597,0.4380433255023403,0.10778465878069705,-12.054006830069062,-9.608728591546829,-12.542805567960482,-11.14883560443941,1.615813670360898
1.925,0.562493818476717,0.43750618152328313,0.10709200157945355,-12.054341470690764,-9.609716998172763,-12.54211742101772,-11.152403148794134,1.6179635153600804
1.9300000000000002,0.5630278908074084,0.4369721091925916,0.10640030959585638,-12.054668120100906,-9.610674213509535,-12.541437121889514,-11.155982088946258,1.6201606374026734
1.935,0.5635591041775276,0.4364408958224723,0.10570919381838798,-12.054986502114737,-9.611599840772957,-12.540765448539895,-11.159569624591352,1.6224030437609225
1.94,0.5640876582879333,0.43591234171206666,0.10501829591362116,-12.055296375511674,-9.612493566253907,-12.540103154706467,-11.163162804653831,1.624688493242022
1.945,0.5646137405937426,0.4353862594062573,0.10432728788754418,-12.055597533299155,-9.613355157567405,-12.539450967235958,-11.166758551446389,1.627014520416822
1.9500000000000002,0.5651377197156893,0.43486228028431073,0.10352975704623749,-12.055889801812084,-9.61418446146821,-12.538809583567154,-11.170353685492795,1.6293784610739297
1.955,0.5656598125884815,0.4343401874115183,0.10283768150415637,-12.056173039665568,-9.614981401279204,-12.538179669384657,-11.173944950673754,1.6317774785288612
1.96,0.5661799032351357,0.4338200967648642,0.10214468883938117,-12.056447136579102,-9.615745973980042,-12.537561856465224,-11.177529039362012,1.6342085904207593
1.9649999999999999,0.5666981631749164,0.4333018368250836,0.10134443798672474,-12.056712012090514,-9.61647824700376,-12.536956740736636,-11.181102617226138,1.636668695639456
1.97,0.5672150321414214,0.4327849678585785,0.1007551313883377,-12.05696761417755,-9.617178354788619,-12.53636488056652,-11.18466234740145,1.6391546010424631
1.975,0.5677302576678831,0.4322697423321168,0.10005822347830975,-12.057213917804892,-9.617846495131431,-12.535786795295618,-11.188204913750978,1.6416630476437717
1.98,0.5682440133713578,0.43175598662864245,0.09946572231643283,-12.05745092341347,-9.61848292538691,-12.535222964026895,-11.19172704296795,1.6441907359838939
1.9849999999999999,0.5687567281096038,0.4312432718903963,0.09887140857508919,-12.057678655368363,-9.619087958555706,-12.534673824678295,-11.195225525303579,1.6467343504217415
1.99,0.5692685185092695,0.4307314814907306,0.09816935183420643,-12.05789716038044,-9.619661959301022,-12.534139773303409,-11.198697233738551,1.6492905821236297
1.995,0.5697789969039871,0.4302210030960128,0.09746543480863316,-12.058106505915998,-9.62020533993127,-12.533621163680662,-11.202139141452829,1.6518561505607863
2.0,0.570288180434946,0.42971181956505394,0.0967596163250394,-12.058306778607385,-9.620718556382958,-12.533118307167905,-11.205548337484846,1.6544278233641492
