size_ratio,simulation_number,normalised_l1_separation,overlap_fraction,small_large_spatial_correlation,small_centre_x,small_centre_z,large_centre_x,large_centre_z,centre_of_mass_separation
1.0,1,0.04077342099619736,0.9592265963135228,0.9870825549794515,-12.202494726284927,-10.063979644707045,-12.245198679116207,-10.241783313551295,0.1828599798804866
1.010101,2,0.054282186685630784,0.9457447199647143,0.9768448952929208,-12.197543528988305,-10.0631320679197,-12.288008131304538,-10.221650479725204,0.1825155641406334
1.020202,3,0.06801768688193138,0.9320068706837917,0.9657179967648191,-12.184423556909884,-10.021063658228023,-12.319174971630325,-10.223218799992063,0.2429498818908939
1.030303,4,0.061643971938021465,0.9383853629240122,0.9691189226732502,-12.20580318303977,-10.014307012476266,-12.325794874438177,-10.208914705993585,0.22862668344001683
1.040404,5,0.0849631441924302,0.9150601097189005,0.9403365460919693,-12.210284627098803,-9.972182902339807,-12.326754849084343,-10.273157524369473,0.3227243959096709
1.050505,6,0.0997269769418318,0.9002957657524119,0.9288693880836966,-12.185752775292604,-9.964963069275862,-12.331196338965169,-10.262797201843854,0.33144984648707215
1.060606,7,0.11120827824962255,0.8887962974186743,0.9080025265617349,-12.204846384038378,-9.894513630770813,-12.375106675884862,-10.255571919299463,0.3991887457016887
1.070707,8,0.12320533996577578,0.8768078943370048,0.8866869027877935,-12.187350112056679,-9.911070233061062,-12.358689720665115,-10.2956223741083,0.4209959746388395
1.080808,9,0.1311895690984838,0.8688381346945482,0.8763863221050385,-12.182312850350906,-9.88622137261265,-12.377575390923944,-10.300671466303594,0.45814445310564356
1.090909,10,0.14273303131246182,0.8573019505803327,0.8407687772988081,-12.194887245768506,-9.827171528151016,-12.406751179223345,-10.295783153638661,0.5142792838926428
1.10101,11,0.15586476632408564,0.8441502448453617,0.8190467916441126,-12.202102196869184,-9.794685154734454,-12.418004349665772,-10.308199318964755,0.5570552364419041
1.111111,12,0.17273518093379478,0.827271270850998,0.7822911508586722,-12.20102367247896,-9.771238165643425,-12.442760205338244,-10.329230112870105,0.6081048959584605
1.121212,13,0.18346516212956526,0.816540261719243,0.7465356283858433,-12.169955590845111,-9.758912208019515,-12.458522730925536,-10.331026396344884,0.6407695676429949
1.131313,14,0.18607278897729715,0.8139605644388119,0.7433534247678681,-12.194646693133103,-9.737571730970886,-12.452236884997737,-10.355876302239443,0.6698158327454283
1.141414,15,0.19402365553221673,0.8059835680541977,0.7354912468526309,-12.189626617898483,-9.736699257306736,-12.471371646342496,-10.343895300400764,0.6693782905069166
1.151515,16,0.21421971150923189,0.7857807800920218,0.6801492220656744,-12.158964057895716,-9.71918970196469,-12.485470838140433,-10.380618196118094,0.7376275011303559
1.161616,17,0.21800178950126722,0.7820282267004109,0.6717026521095323,-12.164277306144157,-9.70742459012624,-12.475239420949103,-10.380459052371714,0.7413992340257831
1.171717,18,0.23635024577106992,0.7636697182941051,0.6402475713596666,-12.189239983882768,-9.67224562479254,-12.510708235860056,-10.39136520229823,0.7877022304026414
1.181818,19,0.24369595063624855,0.7563557928816067,0.6068840776619078,-12.155256156611228,-9.67198726171616,-12.489968964466547,-10.444097341793004,0.8415382578936398
1.191919,20,0.2580255426668576,0.7420202031272309,0.5756372805920624,-12.1758501290851,-9.623913002728836,-12.520084957288004,-10.435042884641701,0.8811522582844931
1.20202,21,0.25879744781152614,0.741209515228202,0.5725417683562931,-12.161139981859518,-9.631518328500569,-12.504961792787213,-10.446755505536176,0.8847740347063682
1.212121,22,0.2611848551891313,0.7388200088194067,0.5749798732834889,-12.141719826039475,-9.655024047035509,-12.511699822302036,-10.468873655682252,0.8940002142778835
1.222222,23,0.2908912565615807,0.7091125042568386,0.4921355914858148,-12.142880894962559,-9.606866210375518,-12.522112424112049,-10.49762961204088,0.9681301516054064
1.232323,24,0.28298760103595716,0.7170562616811772,0.5120703554477828,-12.118762865951002,-9.6512611177497,-12.524204714513644,-10.500548222238828,0.9411013114523966
1.242424,25,0.3060597199934185,0.6939643466663918,0.47314211629686614,-12.13791455825227,-9.581342800361485,-12.5638408174904,-10.48304201205736,0.9972334965701617
1.252525,26,0.30874172776682446,0.6913009386200564,0.47028292240014713,-12.118980895107887,-9.603995060371243,-12.531397078448919,-10.530405138784738,1.0140624939655747
1.262626,27,0.3293526575634816,0.6706581902153901,0.407238346651201,-12.1144921444166,-9.569131658537179,-12.558524905971362,-10.557993307976574,1.0839799145122335
1.272727,28,0.3228663939351422,0.6771654605394878,0.4116523520929309,-12.100551905339739,-9.589407277772954,-12.544651332315576,-10.555232362721998,1.0630345223731426
1.282828,29,0.3342312347349407,0.6658321219623832,0.40367717988507185,-12.1001779098919,-9.576004511304788,-12.552884797641997,-10.55440918453796,1.0780627211906038
1.292929,30,0.3508772658656813,0.6491683418095571,0.3686379664236958,-12.091063130213405,-9.558095068686557,-12.559875655293457,-10.588906029043326,1.1324117712491242
1.30303,31,0.3631657957007477,0.6368660200715235,0.33405307759862224,-12.104835143552714,-9.53289656238036,-12.559627048738827,-10.620934032614343,1.1792629959665404
1.313131,32,0.36223406106082656,0.6377800413501393,0.32241484894410827,-12.07337845832181,-9.578082643073747,-12.570925777834256,-10.63401196213419,1.1672789135444324
1.323232,33,0.3770108604702449,0.6230153750780507,0.30433717409764866,-12.104349722871783,-9.519683747134742,-12.59333094177624,-10.621769379485377,1.2056929018099867
1.333333,34,0.37240544224166283,0.6276127828225793,0.3115137529932839,-12.097189370985625,-9.550964679811766,-12.557665187970827,-10.636016108055486,1.17871734523673
1.343434,35,0.3774324930961003,0.622579599657889,0.3003600139939145,-12.07030676547782,-9.56364022960367,-12.555154726435264,-10.672158073252088,1.2099129534522428
1.353535,36,0.3939400356261064,0.6060889463701356,0.264515542970033,-12.07493480823843,-9.532432175547289,-12.575436010927746,-10.67629047429258,1.248564480314062
1.363636,37,0.39950321332901084,0.6005501901649958,0.27614853184193144,-12.083724685576732,-9.532660018137813,-12.563610911906888,-10.70461116539637,1.2663965736616818
1.373737,38,0.40968796244932026,0.5903410044520149,0.24430512344674907,-12.062182294714692,-9.539588909796256,-12.571580945134068,-10.72304318782936,1.2884296694984698
1.383838,39,0.41231988126838953,0.5877138251610025,0.2554588111937496,-12.067474565064055,-9.519211402568779,-12.566584403921947,-10.708266112981406,1.28955873677751
1.393939,40,0.42221758130113246,0.577807533788682,0.21706920490209106,-12.080267887816841,-9.499461122642678,-12.59901452887021,-10.717697026304451,1.3240833790115973
1.40404,41,0.4277774548538818,0.5722570996857624,0.19905658961448472,-12.089363652833185,-9.489423312447189,-12.600944011032638,-10.723905047718052,1.3362857544750084
1.414141,42,0.42838015031951565,0.5716617234715052,0.21445905991395967,-12.07654697457729,-9.506451697047039,-12.594359414571924,-10.71428939934457,1.3141543433343654
1.424242,43,0.4204487925202003,0.5796158918757827,0.22497984510126987,-12.076718964110851,-9.482395831252258,-12.584006318427447,-10.725313734392346,1.3424549801746362
1.434343,44,0.4398300382759358,0.5601940604444126,0.1840514539720976,-12.065385175698028,-9.511253150372038,-12.599485567904033,-10.76128331293462,1.359352285565019
1.444444,45,0.4486817468932723,0.5513325926793793,0.17766678518523374,-12.061952413016659,-9.503318422363966,-12.56056295676865,-10.811252372374847,1.3997512964565244
1.454545,46,0.45060129571394275,0.5494272618894863,0.1928631915705304,-12.080438692964133,-9.479937144067579,-12.590906251196817,-10.794482627023312,1.4101797597353891
1.464646,47,0.44971443948082707,0.5502963431980222,0.16260187894202854,-12.034602864820634,-9.52988593817605,-12.553231795599105,-10.830538411177589,1.4002402734407535
1.474747,48,0.46477444607743545,0.5352775944505204,0.16104573816749937,-12.05469069681863,-9.499377449249305,-12.583304589612881,-10.822137636639608,1.424474345504306
1.484848,49,0.4691688818954864,0.5308771792205644,0.15759759956606145,-12.053836930175747,-9.501847030249264,-12.583626641397382,-10.836678552196538,1.4361240650098377
1.494949,50,0.4751459161372587,0.524855669634141,0.11854497710183944,-12.055584180022144,-9.499882662257743,-12.579460004702081,-10.840806474736498,1.4396258369995456
1.505051,51,0.4668400476494147,0.53323578352637,0.12824887908016078,-12.041985758693956,-9.53977781852757,-12.562613762250763,-10.864491754380424,1.4233483515746612
1.515152,52,0.47516783309316013,0.5248479348691865,0.11873286923983331,-12.036096402508893,-9.516381554920159,-12.592654405287984,-10.846836216481352,1.44217419784413
1.525253,53,0.47295236621079423,0.5270848821740606,0.13924476160030658,-12.049940195733836,-9.53411979194752,-12.588319583288422,-10.849240665086999,1.4210542832386095
1.535354,54,0.48199801263957337,0.5180281744503114,0.1236134535501832,-12.048116777491137,-9.510855248453511,-12.562117440443375,-10.89005921696228,1.4718696505688529
1.545455,55,0.4822824090957051,0.5177837659274374,0.12459449085220606,-12.058579356634496,-9.516120044458512,-12.573726382781981,-10.891533617335039,1.468720175867946
1.555556,56,0.49276354486783625,0.507314402072184,0.08765313621118502,-12.042968199974593,-9.50385360696312,-12.607629565772548,-10.865184039534832,1.473792049330806
1.565657,57,0.4830190265092345,0.5170619613258483,0.10215185933310819,-12.053498726467511,-9.528751980776708,-12.562333655322002,-10.900092020952117,1.4626983594065621
1.575758,58,0.4986364268732724,0.5013756422719226,0.09775705742511832,-12.072866126375065,-9.505063589758645,-12.598545372829347,-10.91609504207655,1.50577170566561
1.585859,59,0.49770429907597147,0.5023208957658164,0.09138521005118302,-12.039859574850405,-9.533388985164242,-12.568550079698413,-10.930307434902755,1.4936180251778868
1.59596,60,0.5042542773129816,0.4957834230130057,0.07732595003768068,-12.020301219346848,-9.546620274651318,-12.560335061216067,-10.955555636347293,1.5088854839918764
1.606061,61,0.50491908430617,0.49512947332627355,0.08710561575520666,-12.029385420143642,-9.537399860045559,-12.579376129942387,-10.930180545868817,1.497440422743834
1.616162,62,0.5143359099256134,0.4856905629424162,0.0750404875596672,-12.027031355517394,-9.519039069036252,-12.578153875879355,-10.929239002828115,1.5140673319627158
1.626263,63,0.5096124804465588,0.49040021881828666,0.14183476258040134,-12.059252259060692,-9.532859698053143,-12.592706720636636,-10.941444617528767,1.5062155018288155
1.636364,64,0.5155669242652337,0.48446502157167615,0.06690781320218565,-12.03522863677173,-9.542614565873636,-12.578956670277966,-10.965280128639234,1.5230290469651961
1.646465,65,0.5221648438334274,0.47789253863009873,0.06558552921432716,-12.03558566878494,-9.530312244733258,-12.560640267247432,-10.991097367135666,1.5522807430354946
1.656566,66,0.5152830340940795,0.4847517159972605,0.0987071372331615,-12.066203390591326,-9.516566038057753,-12.606005190256601,-10.945184303476113,1.5271987857541114
1.666667,67,0.525822980331475,0.4741879042323926,0.04391440233260356,-12.033685153307047,-9.529021445473258,-12.563133941313875,-11.00161004729257,1.5648748222557778
1.676768,68,0.5270253503755292,0.4729825032557932,0.06921101215915999,-12.023584732856639,-9.559986737335352,-12.546850926328656,-11.016571889958838,1.5477234300978573
1.686869,69,0.523371555160867,0.4766376165654654,0.067094444503129,-12.056909469806461,-9.549605466296395,-12.595431210307506,-10.978071645373573,1.5266044968359118
1.69697,70,0.5281756937669286,0.47188181214418373,0.04699107102458746,-12.057305339574471,-9.537190675108135,-12.567797679797092,-10.997302974430887,1.5467806425151376
1.707071,71,0.5331308299612761,0.46687432908840615,0.05782255495524522,-12.029737571211314,-9.574300372743526,-12.55868914845606,-11.05044470115533,1.568053522483222
1.717172,72,0.532864316448158,0.4671411074198274,0.037715992062924475,-12.0440640296633,-9.542988341034318,-12.586601125436882,-11.001118394112881,1.5557923228957407
1.727273,73,0.5358706326543582,0.46413389862245685,0.06762425360011359,-12.03842900045358,-9.572563369632496,-12.566575080820074,-11.028798885389127,1.5490513740859195
1.737374,74,0.5451235634291726,0.4549417765673402,0.02159131384932158,-12.061202294934873,-9.530750020815711,-12.5655922088517,-11.0354508445884,1.5869888954631133
1.747475,75,0.5390346676125388,0.4610081779975313,0.061576866446166334,-12.046040001187619,-9.561269721297192,-12.56773689944172,-11.037243723895457,1.5654606063372831
1.757576,76,0.5488217656944986,0.4511964399405772,0.024425231571968877,-12.049046360533252,-9.54942921411337,-12.552692328422722,-11.054510217699592,1.5871131302863792
1.767677,77,0.5405614700785482,0.45944157918840695,0.03596133261558589,-12.061040127537877,-9.54691620179566,-12.554895266471945,-11.058313292527073,1.5900358688164755
1.777778,78,0.5493694000891987,0.4506446430479969,0.029524521723631562,-12.04519559006046,-9.574842452845537,-12.551190777415604,-11.084921597372213,1.5925985534217293
1.787879,79,0.5431669732133191,0.4569017310440566,0.0312180769895048,-12.060247293965107,-9.560973639916613,-12.554064252025398,-11.04912141032542,1.5679409984564538
1.79798,80,0.5491893613723683,0.4508648389258114,0.03226447043012436,-12.045073786609063,-9.556158094386058,-12.527778494065968,-11.104177111263326,1.6215322109704509
1.808081,81,0.5553942799202631,0.4446180647957226,0.041402567778200845,-12.045024438935119,-9.565966946369059,-12.558544729954518,-11.095849016653068,1.6137664757532708
1.818182,82,0.5498310064493035,0.45024968698437545,0.01677355467198109,-12.02643762382925,-9.581311907958094,-12.54780692594019,-11.082316223007648,1.588974481538653
1.828283,83,0.5487336913331813,0.4513326720763185,0.01789907277696609,-12.043031934843723,-9.586431760266478,-12.565286985335897,-11.073181586523534,1.5758094376034073
1.838384,84,0.553841540933431,0.44622253459177613,0.016395142058551637,-12.065630183594042,-9.583270869275383,-12.564656128713791,-11.102853490188407,1.5994243450953076
1.848485,85,0.554128808270102,0.4459480158001197,0.007119443932307196,-12.034109918507268,-9.607349907581751,-12.544243970974676,-11.10604239605276,1.583134841536326
1.858586,86,0.5501091059468567,0.4499714358286097,0.016853466225477065,-12.081232103600131,-9.55766313795018,-12.545835438596496,-11.098864472041686,1.609707368155834
1.868687,87,0.5578544703345082,0.442185211083545,0.021799188052084795,-12.05029910205318,-9.581175508036246,-12.530494133917093,-11.134363591174832,1.6257246046703302
1.878788,88,0.5633228518352404,0.43671634750220145,0.006193231707432327,-12.043458033596496,-9.610460451799845,-12.535338062836754,-11.14257135201864,1.6091332367876328
1.888889,89,0.5548751347589297,0.445137829000965,0.019178579370020443,-12.073269697921264,-9.60024601120086,-12.554437565508563,-11.102744639421905,1.5776643003518314
1.89899,90,0.5580769810362736,0.44196473494456195,0.01378992994521565,-12.058738075139955,-9.617502908374322,-12.535429971074567,-11.143718417318139,1.5989274353110496
1.909091,91,0.5600612991319047,0.4399708282646647,0.010355480153856744,-12.037781949551375,-9.616725684012032,-12.541843955412336,-11.14588177250918,1.6100921864106017
1.919192,92,0.5649753688942074,0.4350433901605104,0.021411898800179033,-12.079851426770682,-9.57630026959808,-12.55642364760464,-11.132470932785603,1.627509820135075
1.929293,93,0.5614655769897539,0.4385952068935793,-0.0025319750771520995,-12.05238229396991,-9.604526803598592,-12.566500138154174,-11.11858061239997,1.598960941879018
1.939394,94,0.5642012088046708,0.4358122825491202,0.02404758119440003,-12.062817767272506,-9.616588716506168,-12.530940037302672,-11.180247782977585,1.632227966877316
1.949495,95,0.5645641923122524,0.4355077456579999,0.01810163730784066,-12.056085859678618,-9.611191916824193,-12.543437912414957,-11.145014070436739,1.6093857282264408
1.959596,96,0.5698071724676198,0.4302186928929831,0.003376392459648143,-12.044719642716665,-9.629700866063056,-12.528063231923712,-11.174558512984474,1.618705091880276
1.969697,97,0.566082032372709,0.4339357145946656,0.0237186114610605,-12.053852491205383,-9.622120511185969,-12.551422687129453,-11.152398689165269,1.6091387143038858
1.979798,98,0.5675925434267729,0.43241503117190205,0.02415485543549471,-12.060051875352222,-9.638779325961925,-12.548211871926013,-11.175210638327998,1.6121170428581963
1.989899,99,0.5659165166351697,0.43412531352583117,0.008907843419188939,-12.04480811753024,-9.65527597723483,-12.51532647024666,-11.211361852360024,1.6256662544960196
2.0,100,0.5762622727357212,0.42381466632018117,0.012547783366446151,-12.037509692898965,-9.635155852723978,-12.53575962746201,-11.179719955537697,1.6229390823419187
