split,data_group,filename,extension,logical_size_bytes,relative_path,logical_size_MiB,size_ratio,simulation_number,parameter_parsed,cg_experiment,source_simulation,window_number,start_time,end_time
training,CG_windows,rotating_drum_bidisperse_size_ratio_1_000000.1_w1.stat,.stat,1341706,bidisperse_mixtures/CG_windows/rotating_drum_bidisperse_size_ratio_1_000000.1_w1.stat,1.279550552368164,1.0,,False,numbered_windows,1,1,,
training,CG_windows,rotating_drum_bidisperse_size_ratio_1_000000.1_w2.stat,.stat,1350651,bidisperse_mixtures/CG_windows/rotating_drum_bidisperse_size_ratio_1_000000.1_w2.stat,1.288081169128418,1.0,,False,numbered_windows,1,2,,
training,CG_windows,rotating_drum_bidisperse_size_ratio_1_000000.1_w3.stat,.stat,1343906,bidisperse_mixtures/CG_windows/rotating_drum_bidisperse_size_ratio_1_000000.1_w3.stat,1.2816486358642578,1.0,,False,numbered_windows,1,3,,
training,CG_windows,rotating_drum_bidisperse_size_ratio_1_000000.1_w4.stat,.stat,1345708,bidisperse_mixtures/CG_windows/rotating_drum_bidisperse_size_ratio_1_000000.1_w4.stat,1.2833671569824219,1.0,,False,numbered_windows,1,4,,
training,CG_windows,rotating_drum_bidisperse_size_ratio_1_000000.1_w5.stat,.stat,1348363,bidisperse_mixtures/CG_windows/rotating_drum_bidisperse_size_ratio_1_000000.1_w5.stat,1.2858991622924805,1.0,,False,numbered_windows,1,5,,
training,CG_windows,rotating_drum_bidisperse_size_ratio_1_000000.1_w6.stat,.stat,1331108,bidisperse_mixtures/CG_windows/rotating_drum_bidisperse_size_ratio_1_000000.1_w6.stat,1.2694435119628906,1.0,,False,numbered_windows,1,6,,
training,CG_windows,rotating_drum_bidisperse_size_ratio_1_000000.1_w7.stat,.stat,1336001,bidisperse_mixtures/CG_windows/rotating_drum_bidisperse_size_ratio_1_000000.1_w7.stat,1.2741098403930664,1.0,,False,numbered_windows,1,7,,
training,CG_windows,rotating_drum_bidisperse_size_ratio_1_000000.1_w8.stat,.stat,1332012,bidisperse_mixtures/CG_windows/rotating_drum_bidisperse_size_ratio_1_000000.1_w8.stat,1.2703056335449219,1.0,,False,numbered_windows,1,8,,
training,CG_windows,rotating_drum_bidisperse_size_ratio_1_000000.1_w9.stat,.stat,1337330,bidisperse_mixtures/CG_windows/rotating_drum_bidisperse_size_ratio_1_000000.1_w9.stat,1.2753772735595703,1.0,,False,numbered_windows,1,9,,
training,CG_windows,rotating_drum_bidisperse_size_ratio_1_000000.1_w10.stat,.stat,1340189,bidisperse_mixtures/CG_windows/rotating_drum_bidisperse_size_ratio_1_000000.1_w10.stat,1.2781038284301758,1.0,,False,numbered_windows,1,10,,
training,CG_windows,rotating_drum_bidisperse_size_ratio_1_101010.11_w1.stat,.stat,1348246,bidisperse_mixtures/CG_windows/rotating_drum_bidisperse_size_ratio_1_101010.11_w1.stat,1.285787582397461,1.10101,,False,numbered_windows,11,1,,
training,CG_windows,rotating_drum_bidisperse_size_ratio_1_101010.11_w2.stat,.stat,1350930,bidisperse_mixtures/CG_windows/rotating_drum_bidisperse_size_ratio_1_101010.11_w2.stat,1.2883472442626953,1.10101,,False,numbered_windows,11,2,,
training,CG_windows,rotating_drum_bidisperse_size_ratio_1_101010.11_w3.stat,.stat,1352221,bidisperse_mixtures/CG_windows/rotating_drum_bidisperse_size_ratio_1_101010.11_w3.stat,1.2895784378051758,1.10101,,False,numbered_windows,11,3,,
training,CG_windows,rotating_drum_bidisperse_size_ratio_1_101010.11_w4.stat,.stat,1357051,bidisperse_mixtures/CG_windows/rotating_drum_bidisperse_size_ratio_1_101010.11_w4.stat,1.294184684753418,1.10101,,False,numbered_windows,11,4,,
training,CG_windows,rotating_drum_bidisperse_size_ratio_1_101010.11_w5.stat,.stat,1355636,bidisperse_mixtures/CG_windows/rotating_drum_bidisperse_size_ratio_1_101010.11_w5.stat,1.2928352355957031,1.10101,,False,numbered_windows,11,5,,
training,CG_windows,rotating_drum_bidisperse_size_ratio_1_101010.11_w6.stat,.stat,1351973,bidisperse_mixtures/CG_windows/rotating_drum_bidisperse_size_ratio_1_101010.11_w6.stat,1.289341926574707,1.10101,,False,numbered_windows,11,6,,
training,CG_windows,rotating_drum_bidisperse_size_ratio_1_101010.11_w7.stat,.stat,1355598,bidisperse_mixtures/CG_windows/rotating_drum_bidisperse_size_ratio_1_101010.11_w7.stat,1.2927989959716797,1.10101,,False,numbered_windows,11,7,,
training,CG_windows,rotating_drum_bidisperse_size_ratio_1_101010.11_w8.stat,.stat,1350377,bidisperse_mixtures/CG_windows/rotating_drum_bidisperse_size_ratio_1_101010.11_w8.stat,1.2878198623657227,1.10101,,False,numbered_windows,11,8,,
training,CG_windows,rotating_drum_bidisperse_size_ratio_1_101010.11_w9.stat,.stat,1355001,bidisperse_mixtures/CG_windows/rotating_drum_bidisperse_size_ratio_1_101010.11_w9.stat,1.2922296524047852,1.10101,,False,numbered_windows,11,9,,
training,CG_windows,rotating_drum_bidisperse_size_ratio_1_101010.11_w10.stat,.stat,1349559,bidisperse_mixtures/CG_windows/rotating_drum_bidisperse_size_ratio_1_101010.11_w10.stat,1.2870397567749023,1.10101,,False,numbered_windows,11,10,,
training,CG_windows,rotating_drum_bidisperse_size_ratio_1_202020.21_w1.stat,.stat,1379039,bidisperse_mixtures/CG_windows/rotating_drum_bidisperse_size_ratio_1_202020.21_w1.stat,1.3151540756225586,1.20202,,False,numbered_windows,21,1,,
training,CG_windows,rotating_drum_bidisperse_size_ratio_1_202020.21_w2.stat,.stat,1355763,bidisperse_mixtures/CG_windows/rotating_drum_bidisperse_size_ratio_1_202020.21_w2.stat,1.2929563522338867,1.20202,,False,numbered_windows,21,2,,
training,CG_windows,rotating_drum_bidisperse_size_ratio_1_202020.21_w3.stat,.stat,1354101,bidisperse_mixtures/CG_windows/rotating_drum_bidisperse_size_ratio_1_202020.21_w3.stat,1.2913713455200195,1.20202,,False,numbered_windows,21,3,,
training,CG_windows,rotating_drum_bidisperse_size_ratio_1_202020.21_w4.stat,.stat,1343193,bidisperse_mixtures/CG_windows/rotating_drum_bidisperse_size_ratio_1_202020.21_w4.stat,1.2809686660766602,1.20202,,False,numbered_windows,21,4,,
training,CG_windows,rotating_drum_bidisperse_size_ratio_1_202020.21_w5.stat,.stat,1354169,bidisperse_mixtures/CG_windows/rotating_drum_bidisperse_size_ratio_1_202020.21_w5.stat,1.2914361953735352,1.20202,,False,numbered_windows,21,5,,
training,CG_windows,rotating_drum_bidisperse_size_ratio_1_202020.21_w6.stat,.stat,1361869,bidisperse_mixtures/CG_windows/rotating_drum_bidisperse_size_ratio_1_202020.21_w6.stat,1.2987794876098633,1.20202,,False,numbered_windows,21,6,,
training,CG_windows,rotating_drum_bidisperse_size_ratio_1_202020.21_w7.stat,.stat,1347331,bidisperse_mixtures/CG_windows/rotating_drum_bidisperse_size_ratio_1_202020.21_w7.stat,1.2849149703979492,1.20202,,False,numbered_windows,21,7,,
training,CG_windows,rotating_drum_bidisperse_size_ratio_1_202020.21_w8.stat,.stat,1354671,bidisperse_mixtures/CG_windows/rotating_drum_bidisperse_size_ratio_1_202020.21_w8.stat,1.291914939880371,1.20202,,False,numbered_windows,21,8,,
training,CG_windows,rotating_drum_bidisperse_size_ratio_1_202020.21_w9.stat,.stat,1353067,bidisperse_mixtures/CG_windows/rotating_drum_bidisperse_size_ratio_1_202020.21_w9.stat,1.2903852462768555,1.20202,,False,numbered_windows,21,9,,
training,CG_windows,rotating_drum_bidisperse_size_ratio_1_202020.21_w10.stat,.stat,1347660,bidisperse_mixtures/CG_windows/rotating_drum_bidisperse_size_ratio_1_202020.21_w10.stat,1.2852287292480469,1.20202,,False,numbered_windows,21,10,,
training,CG_windows,rotating_drum_bidisperse_size_ratio_1_303030.31_w1.stat,.stat,1340770,bidisperse_mixtures/CG_windows/rotating_drum_bidisperse_size_ratio_1_303030.31_w1.stat,1.2786579132080078,1.30303,,False,numbered_windows,31,1,,
training,CG_windows,rotating_drum_bidisperse_size_ratio_1_303030.31_w2.stat,.stat,1351387,bidisperse_mixtures/CG_windows/rotating_drum_bidisperse_size_ratio_1_303030.31_w2.stat,1.288783073425293,1.30303,,False,numbered_windows,31,2,,
training,CG_windows,rotating_drum_bidisperse_size_ratio_1_303030.31_w3.stat,.stat,1348097,bidisperse_mixtures/CG_windows/rotating_drum_bidisperse_size_ratio_1_303030.31_w3.stat,1.2856454849243164,1.30303,,False,numbered_windows,31,3,,
training,CG_windows,rotating_drum_bidisperse_size_ratio_1_303030.31_w4.stat,.stat,1361657,bidisperse_mixtures/CG_windows/rotating_drum_bidisperse_size_ratio_1_303030.31_w4.stat,1.2985773086547852,1.30303,,False,numbered_windows,31,4,,
training,CG_windows,rotating_drum_bidisperse_size_ratio_1_303030.31_w5.stat,.stat,1357282,bidisperse_mixtures/CG_windows/rotating_drum_bidisperse_size_ratio_1_303030.31_w5.stat,1.2944049835205078,1.30303,,False,numbered_windows,31,5,,
training,CG_windows,rotating_drum_bidisperse_size_ratio_1_303030.31_w6.stat,.stat,1356939,bidisperse_mixtures/CG_windows/rotating_drum_bidisperse_size_ratio_1_303030.31_w6.stat,1.2940778732299805,1.30303,,False,numbered_windows,31,6,,
training,CG_windows,rotating_drum_bidisperse_size_ratio_1_303030.31_w7.stat,.stat,1373031,bidisperse_mixtures/CG_windows/rotating_drum_bidisperse_size_ratio_1_303030.31_w7.stat,1.3094244003295898,1.30303,,False,numbered_windows,31,7,,
training,CG_windows,rotating_drum_bidisperse_size_ratio_1_303030.31_w8.stat,.stat,1346961,bidisperse_mixtures/CG_windows/rotating_drum_bidisperse_size_ratio_1_303030.31_w8.stat,1.284562110900879,1.30303,,False,numbered_windows,31,8,,
training,CG_windows,rotating_drum_bidisperse_size_ratio_1_303030.31_w9.stat,.stat,1365114,bidisperse_mixtures/CG_windows/rotating_drum_bidisperse_size_ratio_1_303030.31_w9.stat,1.3018741607666016,1.30303,,False,numbered_windows,31,9,,
training,CG_windows,rotating_drum_bidisperse_size_ratio_1_303030.31_w10.stat,.stat,1355187,bidisperse_mixtures/CG_windows/rotating_drum_bidisperse_size_ratio_1_303030.31_w10.stat,1.2924070358276367,1.30303,,False,numbered_windows,31,10,,
training,CG_windows,rotating_drum_bidisperse_size_ratio_1_404040.41_w1.stat,.stat,1373272,bidisperse_mixtures/CG_windows/rotating_drum_bidisperse_size_ratio_1_404040.41_w1.stat,1.3096542358398438,1.40404,,False,numbered_windows,41,1,,
training,CG_windows,rotating_drum_bidisperse_size_ratio_1_404040.41_w2.stat,.stat,1371856,bidisperse_mixtures/CG_windows/rotating_drum_bidisperse_size_ratio_1_404040.41_w2.stat,1.3083038330078125,1.40404,,False,numbered_windows,41,2,,
training,CG_windows,rotating_drum_bidisperse_size_ratio_1_404040.41_w3.stat,.stat,1341764,bidisperse_mixtures/CG_windows/rotating_drum_bidisperse_size_ratio_1_404040.41_w3.stat,1.2796058654785156,1.40404,,False,numbered_windows,41,3,,
training,CG_windows,rotating_drum_bidisperse_size_ratio_1_404040.41_w4.stat,.stat,1362331,bidisperse_mixtures/CG_windows/rotating_drum_bidisperse_size_ratio_1_404040.41_w4.stat,1.299220085144043,1.40404,,False,numbered_windows,41,4,,
training,CG_windows,rotating_drum_bidisperse_size_ratio_1_404040.41_w5.stat,.stat,1374622,bidisperse_mixtures/CG_windows/rotating_drum_bidisperse_size_ratio_1_404040.41_w5.stat,1.3109416961669922,1.40404,,False,numbered_windows,41,5,,
training,CG_windows,rotating_drum_bidisperse_size_ratio_1_404040.41_w6.stat,.stat,1369390,bidisperse_mixtures/CG_windows/rotating_drum_bidisperse_size_ratio_1_404040.41_w6.stat,1.3059520721435547,1.40404,,False,numbered_windows,41,6,,
training,CG_windows,rotating_drum_bidisperse_size_ratio_1_404040.41_w7.stat,.stat,1349675,bidisperse_mixtures/CG_windows/rotating_drum_bidisperse_size_ratio_1_404040.41_w7.stat,1.2871503829956055,1.40404,,False,numbered_windows,41,7,,
training,CG_windows,rotating_drum_bidisperse_size_ratio_1_404040.41_w8.stat,.stat,1361418,bidisperse_mixtures/CG_windows/rotating_drum_bidisperse_size_ratio_1_404040.41_w8.stat,1.298349380493164,1.40404,,False,numbered_windows,41,8,,
training,CG_windows,rotating_drum_bidisperse_size_ratio_1_404040.41_w9.stat,.stat,1361164,bidisperse_mixtures/CG_windows/rotating_drum_bidisperse_size_ratio_1_404040.41_w9.stat,1.2981071472167969,1.40404,,False,numbered_windows,41,9,,
training,CG_windows,rotating_drum_bidisperse_size_ratio_1_404040.41_w10.stat,.stat,1362145,bidisperse_mixtures/CG_windows/rotating_drum_bidisperse_size_ratio_1_404040.41_w10.stat,1.2990427017211914,1.40404,,False,numbered_windows,41,10,,
training,CG_windows,rotating_drum_bidisperse_size_ratio_1_505051.51_w1.stat,.stat,1346719,bidisperse_mixtures/CG_windows/rotating_drum_bidisperse_size_ratio_1_505051.51_w1.stat,1.2843313217163086,1.505051,,False,numbered_windows,51,1,,
training,CG_windows,rotating_drum_bidisperse_size_ratio_1_505051.51_w2.stat,.stat,1354753,bidisperse_mixtures/CG_windows/rotating_drum_bidisperse_size_ratio_1_505051.51_w2.stat,1.2919931411743164,1.505051,,False,numbered_windows,51,2,,
training,CG_windows,rotating_drum_bidisperse_size_ratio_1_505051.51_w3.stat,.stat,1363449,bidisperse_mixtures/CG_windows/rotating_drum_bidisperse_size_ratio_1_505051.51_w3.stat,1.3002862930297852,1.505051,,False,numbered_windows,51,3,,
training,CG_windows,rotating_drum_bidisperse_size_ratio_1_505051.51_w4.stat,.stat,1354502,bidisperse_mixtures/CG_windows/rotating_drum_bidisperse_size_ratio_1_505051.51_w4.stat,1.2917537689208984,1.505051,,False,numbered_windows,51,4,,
training,CG_windows,rotating_drum_bidisperse_size_ratio_1_505051.51_w5.stat,.stat,1369167,bidisperse_mixtures/CG_windows/rotating_drum_bidisperse_size_ratio_1_505051.51_w5.stat,1.305739402770996,1.505051,,False,numbered_windows,51,5,,
training,CG_windows,rotating_drum_bidisperse_size_ratio_1_505051.51_w6.stat,.stat,1361109,bidisperse_mixtures/CG_windows/rotating_drum_bidisperse_size_ratio_1_505051.51_w6.stat,1.2980546951293945,1.505051,,False,numbered_windows,51,6,,
training,CG_windows,rotating_drum_bidisperse_size_ratio_1_505051.51_w7.stat,.stat,1365235,bidisperse_mixtures/CG_windows/rotating_drum_bidisperse_size_ratio_1_505051.51_w7.stat,1.3019895553588867,1.505051,,False,numbered_windows,51,7,,
training,CG_windows,rotating_drum_bidisperse_size_ratio_1_505051.51_w8.stat,.stat,1354408,bidisperse_mixtures/CG_windows/rotating_drum_bidisperse_size_ratio_1_505051.51_w8.stat,1.2916641235351562,1.505051,,False,numbered_windows,51,8,,
training,CG_windows,rotating_drum_bidisperse_size_ratio_1_505051.51_w9.stat,.stat,1363254,bidisperse_mixtures/CG_windows/rotating_drum_bidisperse_size_ratio_1_505051.51_w9.stat,1.300100326538086,1.505051,,False,numbered_windows,51,9,,
training,CG_windows,rotating_drum_bidisperse_size_ratio_1_505051.51_w10.stat,.stat,1360084,bidisperse_mixtures/CG_windows/rotating_drum_bidisperse_size_ratio_1_505051.51_w10.stat,1.2970771789550781,1.505051,,False,numbered_windows,51,10,,
training,CG_windows,rotating_drum_bidisperse_size_ratio_1_606061.61_w1.stat,.stat,1369881,bidisperse_mixtures/CG_windows/rotating_drum_bidisperse_size_ratio_1_606061.61_w1.stat,1.3064203262329102,1.606061,,False,numbered_windows,61,1,,
training,CG_windows,rotating_drum_bidisperse_size_ratio_1_606061.61_w2.stat,.stat,1382876,bidisperse_mixtures/CG_windows/rotating_drum_bidisperse_size_ratio_1_606061.61_w2.stat,1.3188133239746094,1.606061,,False,numbered_windows,61,2,,
training,CG_windows,rotating_drum_bidisperse_size_ratio_1_606061.61_w3.stat,.stat,1363589,bidisperse_mixtures/CG_windows/rotating_drum_bidisperse_size_ratio_1_606061.61_w3.stat,1.300419807434082,1.606061,,False,numbered_windows,61,3,,
training,CG_windows,rotating_drum_bidisperse_size_ratio_1_606061.61_w4.stat,.stat,1358493,bidisperse_mixtures/CG_windows/rotating_drum_bidisperse_size_ratio_1_606061.61_w4.stat,1.2955598831176758,1.606061,,False,numbered_windows,61,4,,
training,CG_windows,rotating_drum_bidisperse_size_ratio_1_606061.61_w5.stat,.stat,1377865,bidisperse_mixtures/CG_windows/rotating_drum_bidisperse_size_ratio_1_606061.61_w5.stat,1.3140344619750977,1.606061,,False,numbered_windows,61,5,,
training,CG_windows,rotating_drum_bidisperse_size_ratio_1_606061.61_w6.stat,.stat,1379461,bidisperse_mixtures/CG_windows/rotating_drum_bidisperse_size_ratio_1_606061.61_w6.stat,1.315556526184082,1.606061,,False,numbered_windows,61,6,,
training,CG_windows,rotating_drum_bidisperse_size_ratio_1_606061.61_w7.stat,.stat,1376216,bidisperse_mixtures/CG_windows/rotating_drum_bidisperse_size_ratio_1_606061.61_w7.stat,1.3124618530273438,1.606061,,False,numbered_windows,61,7,,
training,CG_windows,rotating_drum_bidisperse_size_ratio_1_606061.61_w8.stat,.stat,1365850,bidisperse_mixtures/CG_windows/rotating_drum_bidisperse_size_ratio_1_606061.61_w8.stat,1.3025760650634766,1.606061,,False,numbered_windows,61,8,,
training,CG_windows,rotating_drum_bidisperse_size_ratio_1_606061.61_w9.stat,.stat,1365994,bidisperse_mixtures/CG_windows/rotating_drum_bidisperse_size_ratio_1_606061.61_w9.stat,1.302713394165039,1.606061,,False,numbered_windows,61,9,,
training,CG_windows,rotating_drum_bidisperse_size_ratio_1_606061.61_w10.stat,.stat,1371705,bidisperse_mixtures/CG_windows/rotating_drum_bidisperse_size_ratio_1_606061.61_w10.stat,1.3081598281860352,1.606061,,False,numbered_windows,61,10,,
training,CG_windows,rotating_drum_bidisperse_size_ratio_1_707071.71_w1.stat,.stat,1379050,bidisperse_mixtures/CG_windows/rotating_drum_bidisperse_size_ratio_1_707071.71_w1.stat,1.315164566040039,1.707071,,False,numbered_windows,71,1,,
training,CG_windows,rotating_drum_bidisperse_size_ratio_1_707071.71_w2.stat,.stat,1389706,bidisperse_mixtures/CG_windows/rotating_drum_bidisperse_size_ratio_1_707071.71_w2.stat,1.325326919555664,1.707071,,False,numbered_windows,71,2,,
training,CG_windows,rotating_drum_bidisperse_size_ratio_1_707071.71_w3.stat,.stat,1373054,bidisperse_mixtures/CG_windows/rotating_drum_bidisperse_size_ratio_1_707071.71_w3.stat,1.3094463348388672,1.707071,,False,numbered_windows,71,3,,
training,CG_windows,rotating_drum_bidisperse_size_ratio_1_707071.71_w4.stat,.stat,1362078,bidisperse_mixtures/CG_windows/rotating_drum_bidisperse_size_ratio_1_707071.71_w4.stat,1.2989788055419922,1.707071,,False,numbered_windows,71,4,,
training,CG_windows,rotating_drum_bidisperse_size_ratio_1_707071.71_w5.stat,.stat,1352569,bidisperse_mixtures/CG_windows/rotating_drum_bidisperse_size_ratio_1_707071.71_w5.stat,1.2899103164672852,1.707071,,False,numbered_windows,71,5,,
training,CG_windows,rotating_drum_bidisperse_size_ratio_1_707071.71_w6.stat,.stat,1401582,bidisperse_mixtures/CG_windows/rotating_drum_bidisperse_size_ratio_1_707071.71_w6.stat,1.3366527557373047,1.707071,,False,numbered_windows,71,6,,
training,CG_windows,rotating_drum_bidisperse_size_ratio_1_707071.71_w7.stat,.stat,1366824,bidisperse_mixtures/CG_windows/rotating_drum_bidisperse_size_ratio_1_707071.71_w7.stat,1.3035049438476562,1.707071,,False,numbered_windows,71,7,,
training,CG_windows,rotating_drum_bidisperse_size_ratio_1_707071.71_w8.stat,.stat,1373637,bidisperse_mixtures/CG_windows/rotating_drum_bidisperse_size_ratio_1_707071.71_w8.stat,1.310002326965332,1.707071,,False,numbered_windows,71,8,,
training,CG_windows,rotating_drum_bidisperse_size_ratio_1_707071.71_w9.stat,.stat,1377094,bidisperse_mixtures/CG_windows/rotating_drum_bidisperse_size_ratio_1_707071.71_w9.stat,1.3132991790771484,1.707071,,False,numbered_windows,71,9,,
training,CG_windows,rotating_drum_bidisperse_size_ratio_1_707071.71_w10.stat,.stat,1372565,bidisperse_mixtures/CG_windows/rotating_drum_bidisperse_size_ratio_1_707071.71_w10.stat,1.3089799880981445,1.707071,,False,numbered_windows,71,10,,
training,CG_windows,rotating_drum_bidisperse_size_ratio_1_808081.81_w1.stat,.stat,1378445,bidisperse_mixtures/CG_windows/rotating_drum_bidisperse_size_ratio_1_808081.81_w1.stat,1.3145875930786133,1.808081,,False,numbered_windows,81,1,,
training,CG_windows,rotating_drum_bidisperse_size_ratio_1_808081.81_w2.stat,.stat,1403132,bidisperse_mixtures/CG_windows/rotating_drum_bidisperse_size_ratio_1_808081.81_w2.stat,1.3381309509277344,1.808081,,False,numbered_windows,81,2,,
training,CG_windows,rotating_drum_bidisperse_size_ratio_1_808081.81_w3.stat,.stat,1370042,bidisperse_mixtures/CG_windows/rotating_drum_bidisperse_size_ratio_1_808081.81_w3.stat,1.3065738677978516,1.808081,,False,numbered_windows,81,3,,
training,CG_windows,rotating_drum_bidisperse_size_ratio_1_808081.81_w4.stat,.stat,1380414,bidisperse_mixtures/CG_windows/rotating_drum_bidisperse_size_ratio_1_808081.81_w4.stat,1.3164653778076172,1.808081,,False,numbered_windows,81,4,,
training,CG_windows,rotating_drum_bidisperse_size_ratio_1_808081.81_w5.stat,.stat,1372972,bidisperse_mixtures/CG_windows/rotating_drum_bidisperse_size_ratio_1_808081.81_w5.stat,1.3093681335449219,1.808081,,False,numbered_windows,81,5,,
training,CG_windows,rotating_drum_bidisperse_size_ratio_1_808081.81_w6.stat,.stat,1368450,bidisperse_mixtures/CG_windows/rotating_drum_bidisperse_size_ratio_1_808081.81_w6.stat,1.3050556182861328,1.808081,,False,numbered_windows,81,6,,
training,CG_windows,rotating_drum_bidisperse_size_ratio_1_808081.81_w7.stat,.stat,1360138,bidisperse_mixtures/CG_windows/rotating_drum_bidisperse_size_ratio_1_808081.81_w7.stat,1.297128677368164,1.808081,,False,numbered_windows,81,7,,
training,CG_windows,rotating_drum_bidisperse_size_ratio_1_808081.81_w8.stat,.stat,1384602,bidisperse_mixtures/CG_windows/rotating_drum_bidisperse_size_ratio_1_808081.81_w8.stat,1.3204593658447266,1.808081,,False,numbered_windows,81,8,,
training,CG_windows,rotating_drum_bidisperse_size_ratio_1_808081.81_w9.stat,.stat,1410193,bidisperse_mixtures/CG_windows/rotating_drum_bidisperse_size_ratio_1_808081.81_w9.stat,1.344864845275879,1.808081,,False,numbered_windows,81,9,,
training,CG_windows,rotating_drum_bidisperse_size_ratio_1_808081.81_w10.stat,.stat,1365923,bidisperse_mixtures/CG_windows/rotating_drum_bidisperse_size_ratio_1_808081.81_w10.stat,1.3026456832885742,1.808081,,False,numbered_windows,81,10,,
training,CG_windows,rotating_drum_bidisperse_size_ratio_1_909091.91_w1.stat,.stat,1372604,bidisperse_mixtures/CG_windows/rotating_drum_bidisperse_size_ratio_1_909091.91_w1.stat,1.3090171813964844,1.909091,,False,numbered_windows,91,1,,
training,CG_windows,rotating_drum_bidisperse_size_ratio_1_909091.91_w2.stat,.stat,1380954,bidisperse_mixtures/CG_windows/rotating_drum_bidisperse_size_ratio_1_909091.91_w2.stat,1.3169803619384766,1.909091,,False,numbered_windows,91,2,,
training,CG_windows,rotating_drum_bidisperse_size_ratio_1_909091.91_w3.stat,.stat,1376966,bidisperse_mixtures/CG_windows/rotating_drum_bidisperse_size_ratio_1_909091.91_w3.stat,1.3131771087646484,1.909091,,False,numbered_windows,91,3,,
training,CG_windows,rotating_drum_bidisperse_size_ratio_1_909091.91_w4.stat,.stat,1364637,bidisperse_mixtures/CG_windows/rotating_drum_bidisperse_size_ratio_1_909091.91_w4.stat,1.3014192581176758,1.909091,,False,numbered_windows,91,4,,
training,CG_windows,rotating_drum_bidisperse_size_ratio_1_909091.91_w5.stat,.stat,1376660,bidisperse_mixtures/CG_windows/rotating_drum_bidisperse_size_ratio_1_909091.91_w5.stat,1.3128852844238281,1.909091,,False,numbered_windows,91,5,,
training,CG_windows,rotating_drum_bidisperse_size_ratio_1_909091.91_w6.stat,.stat,1381899,bidisperse_mixtures/CG_windows/rotating_drum_bidisperse_size_ratio_1_909091.91_w6.stat,1.3178815841674805,1.909091,,False,numbered_windows,91,6,,
training,CG_windows,rotating_drum_bidisperse_size_ratio_1_909091.91_w7.stat,.stat,1371584,bidisperse_mixtures/CG_windows/rotating_drum_bidisperse_size_ratio_1_909091.91_w7.stat,1.30804443359375,1.909091,,False,numbered_windows,91,7,,
training,CG_windows,rotating_drum_bidisperse_size_ratio_1_909091.91_w8.stat,.stat,1383278,bidisperse_mixtures/CG_windows/rotating_drum_bidisperse_size_ratio_1_909091.91_w8.stat,1.3191967010498047,1.909091,,False,numbered_windows,91,8,,
training,CG_windows,rotating_drum_bidisperse_size_ratio_1_909091.91_w9.stat,.stat,1377767,bidisperse_mixtures/CG_windows/rotating_drum_bidisperse_size_ratio_1_909091.91_w9.stat,1.3139410018920898,1.909091,,False,numbered_windows,91,9,,
training,CG_windows,rotating_drum_bidisperse_size_ratio_1_909091.91_w10.stat,.stat,1391667,bidisperse_mixtures/CG_windows/rotating_drum_bidisperse_size_ratio_1_909091.91_w10.stat,1.3271970748901367,1.909091,,False,numbered_windows,91,10,,
training,CG_windows_sigma,rotating_drum_bidisperse_size_ratio_1_303030.31_t1032.43_1034.43.stat,.stat,242,bidisperse_mixtures/CG_windows_sigma/rotating_drum_bidisperse_size_ratio_1_303030.31_t1032.43_1034.43.stat,0.0002307891845703125,1.30303,,False,time_interval_windows,31,,1032.43,1034.43
training,CG_windows_sigma,rotating_drum_bidisperse_size_ratio_1_303030.31_t1032.43_1043.19.stat,.stat,1335691,bidisperse_mixtures/CG_windows_sigma/rotating_drum_bidisperse_size_ratio_1_303030.31_t1032.43_1043.19.stat,1.2738142013549805,1.30303,,False,time_interval_windows,31,,1032.43,1043.19
training,CG_windows_sigma,rotating_drum_bidisperse_size_ratio_1_303030.31_t1032.43_1053.94.stat,.stat,1332349,bidisperse_mixtures/CG_windows_sigma/rotating_drum_bidisperse_size_ratio_1_303030.31_t1032.43_1053.94.stat,1.2706270217895508,1.30303,,False,time_interval_windows,31,,1032.43,1053.94
training,CG_windows_sigma,rotating_drum_bidisperse_size_ratio_1_303030.31_t1032.43_1075.45.stat,.stat,1355897,bidisperse_mixtures/CG_windows_sigma/rotating_drum_bidisperse_size_ratio_1_303030.31_t1032.43_1075.45.stat,1.2930841445922852,1.30303,,False,time_interval_windows,31,,1032.43,1075.45
training,CG_windows_sigma,rotating_drum_bidisperse_size_ratio_1_303030.31_t1032.43_1118.47.stat,.stat,1379439,bidisperse_mixtures/CG_windows_sigma/rotating_drum_bidisperse_size_ratio_1_303030.31_t1032.43_1118.47.stat,1.315535545349121,1.30303,,False,time_interval_windows,31,,1032.43,1118.47
training,CG_windows_sigma,rotating_drum_bidisperse_size_ratio_1_303030.31_t1032.43_1204.50.stat,.stat,1400161,bidisperse_mixtures/CG_windows_sigma/rotating_drum_bidisperse_size_ratio_1_303030.31_t1032.43_1204.50.stat,1.3352975845336914,1.30303,,False,time_interval_windows,31,,1032.43,1204.5
training,CG_windows_sigma,rotating_drum_bidisperse_size_ratio_1_303030.31_t1032.43_1376.58.stat,.stat,1406985,bidisperse_mixtures/CG_windows_sigma/rotating_drum_bidisperse_size_ratio_1_303030.31_t1032.43_1376.58.stat,1.3418054580688477,1.30303,,False,time_interval_windows,31,,1032.43,1376.58
training,CG_windows_sigma,rotating_drum_bidisperse_size_ratio_1_303030.31_t1043.19_1053.94.stat,.stat,1318059,bidisperse_mixtures/CG_windows_sigma/rotating_drum_bidisperse_size_ratio_1_303030.31_t1043.19_1053.94.stat,1.2569990158081055,1.30303,,False,time_interval_windows,31,,1043.19,1053.94
training,CG_windows_sigma,rotating_drum_bidisperse_size_ratio_1_303030.31_t1053.94_1064.70.stat,.stat,1338065,bidisperse_mixtures/CG_windows_sigma/rotating_drum_bidisperse_size_ratio_1_303030.31_t1053.94_1064.70.stat,1.276078224182129,1.30303,,False,time_interval_windows,31,,1053.94,1064.7
training,CG_windows_sigma,rotating_drum_bidisperse_size_ratio_1_303030.31_t1053.94_1075.45.stat,.stat,1351816,bidisperse_mixtures/CG_windows_sigma/rotating_drum_bidisperse_size_ratio_1_303030.31_t1053.94_1075.45.stat,1.2891921997070312,1.30303,,False,time_interval_windows,31,,1053.94,1075.45
training,CG_windows_sigma,rotating_drum_bidisperse_size_ratio_1_303030.31_t1064.70_1075.45.stat,.stat,1341794,bidisperse_mixtures/CG_windows_sigma/rotating_drum_bidisperse_size_ratio_1_303030.31_t1064.70_1075.45.stat,1.2796344757080078,1.30303,,False,time_interval_windows,31,,1064.7,1075.45
training,CG_windows_sigma,rotating_drum_bidisperse_size_ratio_1_303030.31_t1075.45_1086.21.stat,.stat,1353941,bidisperse_mixtures/CG_windows_sigma/rotating_drum_bidisperse_size_ratio_1_303030.31_t1075.45_1086.21.stat,1.2912187576293945,1.30303,,False,time_interval_windows,31,,1075.45,1086.21
training,CG_windows_sigma,rotating_drum_bidisperse_size_ratio_1_303030.31_t1075.45_1096.96.stat,.stat,1358613,bidisperse_mixtures/CG_windows_sigma/rotating_drum_bidisperse_size_ratio_1_303030.31_t1075.45_1096.96.stat,1.2956743240356445,1.30303,,False,time_interval_windows,31,,1075.45,1096.96
training,CG_windows_sigma,rotating_drum_bidisperse_size_ratio_1_303030.31_t1075.45_1118.47.stat,.stat,1369479,bidisperse_mixtures/CG_windows_sigma/rotating_drum_bidisperse_size_ratio_1_303030.31_t1075.45_1118.47.stat,1.3060369491577148,1.30303,,False,time_interval_windows,31,,1075.45,1118.47
training,CG_windows_sigma,rotating_drum_bidisperse_size_ratio_1_303030.31_t1086.21_1096.96.stat,.stat,1332253,bidisperse_mixtures/CG_windows_sigma/rotating_drum_bidisperse_size_ratio_1_303030.31_t1086.21_1096.96.stat,1.2705354690551758,1.30303,,False,time_interval_windows,31,,1086.21,1096.96
training,CG_windows_sigma,rotating_drum_bidisperse_size_ratio_1_303030.31_t1096.96_1107.71.stat,.stat,1342509,bidisperse_mixtures/CG_windows_sigma/rotating_drum_bidisperse_size_ratio_1_303030.31_t1096.96_1107.71.stat,1.2803163528442383,1.30303,,False,time_interval_windows,31,,1096.96,1107.71
training,CG_windows_sigma,rotating_drum_bidisperse_size_ratio_1_303030.31_t1096.96_1118.47.stat,.stat,1351924,bidisperse_mixtures/CG_windows_sigma/rotating_drum_bidisperse_size_ratio_1_303030.31_t1096.96_1118.47.stat,1.2892951965332031,1.30303,,False,time_interval_windows,31,,1096.96,1118.47
training,CG_windows_sigma,rotating_drum_bidisperse_size_ratio_1_303030.31_t1107.71_1118.47.stat,.stat,1338008,bidisperse_mixtures/CG_windows_sigma/rotating_drum_bidisperse_size_ratio_1_303030.31_t1107.71_1118.47.stat,1.2760238647460938,1.30303,,False,time_interval_windows,31,,1107.71,1118.47
training,CG_windows_sigma,rotating_drum_bidisperse_size_ratio_1_303030.31_t1118.47_1129.22.stat,.stat,1326920,bidisperse_mixtures/CG_windows_sigma/rotating_drum_bidisperse_size_ratio_1_303030.31_t1118.47_1129.22.stat,1.2654495239257812,1.30303,,False,time_interval_windows,31,,1118.47,1129.22
training,CG_windows_sigma,rotating_drum_bidisperse_size_ratio_1_303030.31_t1118.47_1139.98.stat,.stat,1356876,bidisperse_mixtures/CG_windows_sigma/rotating_drum_bidisperse_size_ratio_1_303030.31_t1118.47_1139.98.stat,1.2940177917480469,1.30303,,False,time_interval_windows,31,,1118.47,1139.98
training,CG_windows_sigma,rotating_drum_bidisperse_size_ratio_1_303030.31_t1118.47_1161.49.stat,.stat,1368997,bidisperse_mixtures/CG_windows_sigma/rotating_drum_bidisperse_size_ratio_1_303030.31_t1118.47_1161.49.stat,1.305577278137207,1.30303,,False,time_interval_windows,31,,1118.47,1161.49
training,CG_windows_sigma,rotating_drum_bidisperse_size_ratio_1_303030.31_t1118.47_1204.50.stat,.stat,1391038,bidisperse_mixtures/CG_windows_sigma/rotating_drum_bidisperse_size_ratio_1_303030.31_t1118.47_1204.50.stat,1.3265972137451172,1.30303,,False,time_interval_windows,31,,1118.47,1204.5
training,CG_windows_sigma,rotating_drum_bidisperse_size_ratio_1_303030.31_t1129.22_1139.98.stat,.stat,1349216,bidisperse_mixtures/CG_windows_sigma/rotating_drum_bidisperse_size_ratio_1_303030.31_t1129.22_1139.98.stat,1.286712646484375,1.30303,,False,time_interval_windows,31,,1129.22,1139.98
training,CG_windows_sigma,rotating_drum_bidisperse_size_ratio_1_303030.31_t1139.98_1150.73.stat,.stat,1348200,bidisperse_mixtures/CG_windows_sigma/rotating_drum_bidisperse_size_ratio_1_303030.31_t1139.98_1150.73.stat,1.2857437133789062,1.30303,,False,time_interval_windows,31,,1139.98,1150.73
training,CG_windows_sigma,rotating_drum_bidisperse_size_ratio_1_303030.31_t1139.98_1161.49.stat,.stat,1358182,bidisperse_mixtures/CG_windows_sigma/rotating_drum_bidisperse_size_ratio_1_303030.31_t1139.98_1161.49.stat,1.2952632904052734,1.30303,,False,time_interval_windows,31,,1139.98,1161.49
training,CG_windows_sigma,rotating_drum_bidisperse_size_ratio_1_303030.31_t1150.73_1161.49.stat,.stat,1340576,bidisperse_mixtures/CG_windows_sigma/rotating_drum_bidisperse_size_ratio_1_303030.31_t1150.73_1161.49.stat,1.278472900390625,1.30303,,False,time_interval_windows,31,,1150.73,1161.49
training,CG_windows_sigma,rotating_drum_bidisperse_size_ratio_1_303030.31_t1161.49_1172.24.stat,.stat,1363448,bidisperse_mixtures/CG_windows_sigma/rotating_drum_bidisperse_size_ratio_1_303030.31_t1161.49_1172.24.stat,1.3002853393554688,1.30303,,False,time_interval_windows,31,,1161.49,1172.24
training,CG_windows_sigma,rotating_drum_bidisperse_size_ratio_1_303030.31_t1161.49_1183.00.stat,.stat,1370563,bidisperse_mixtures/CG_windows_sigma/rotating_drum_bidisperse_size_ratio_1_303030.31_t1161.49_1183.00.stat,1.3070707321166992,1.30303,,False,time_interval_windows,31,,1161.49,1183.0
training,CG_windows_sigma,rotating_drum_bidisperse_size_ratio_1_303030.31_t1161.49_1204.50.stat,.stat,1377746,bidisperse_mixtures/CG_windows_sigma/rotating_drum_bidisperse_size_ratio_1_303030.31_t1161.49_1204.50.stat,1.3139209747314453,1.30303,,False,time_interval_windows,31,,1161.49,1204.5
training,CG_windows_sigma,rotating_drum_bidisperse_size_ratio_1_303030.31_t1172.24_1183.00.stat,.stat,1341813,bidisperse_mixtures/CG_windows_sigma/rotating_drum_bidisperse_size_ratio_1_303030.31_t1172.24_1183.00.stat,1.2796525955200195,1.30303,,False,time_interval_windows,31,,1172.24,1183.0
training,CG_windows_sigma,rotating_drum_bidisperse_size_ratio_1_303030.31_t1183.00_1193.75.stat,.stat,1338781,bidisperse_mixtures/CG_windows_sigma/rotating_drum_bidisperse_size_ratio_1_303030.31_t1183.00_1193.75.stat,1.2767610549926758,1.30303,,False,time_interval_windows,31,,1183.0,1193.75
training,CG_windows_sigma,rotating_drum_bidisperse_size_ratio_1_303030.31_t1183.00_1204.50.stat,.stat,1346563,bidisperse_mixtures/CG_windows_sigma/rotating_drum_bidisperse_size_ratio_1_303030.31_t1183.00_1204.50.stat,1.2841825485229492,1.30303,,False,time_interval_windows,31,,1183.0,1204.5
training,CG_windows_sigma,rotating_drum_bidisperse_size_ratio_1_303030.31_t1193.75_1204.50.stat,.stat,1336529,bidisperse_mixtures/CG_windows_sigma/rotating_drum_bidisperse_size_ratio_1_303030.31_t1193.75_1204.50.stat,1.274613380432129,1.30303,,False,time_interval_windows,31,,1193.75,1204.5
training,CG_windows_sigma,rotating_drum_bidisperse_size_ratio_1_303030.31_t1204.50_1215.26.stat,.stat,1342365,bidisperse_mixtures/CG_windows_sigma/rotating_drum_bidisperse_size_ratio_1_303030.31_t1204.50_1215.26.stat,1.2801790237426758,1.30303,,False,time_interval_windows,31,,1204.5,1215.26
training,CG_windows_sigma,rotating_drum_bidisperse_size_ratio_1_303030.31_t1204.50_1226.01.stat,.stat,1349264,bidisperse_mixtures/CG_windows_sigma/rotating_drum_bidisperse_size_ratio_1_303030.31_t1204.50_1226.01.stat,1.2867584228515625,1.30303,,False,time_interval_windows,31,,1204.5,1226.01
training,CG_windows_sigma,rotating_drum_bidisperse_size_ratio_1_303030.31_t1204.50_1247.52.stat,.stat,1360717,bidisperse_mixtures/CG_windows_sigma/rotating_drum_bidisperse_size_ratio_1_303030.31_t1204.50_1247.52.stat,1.2976808547973633,1.30303,,False,time_interval_windows,31,,1204.5,1247.52
training,CG_windows_sigma,rotating_drum_bidisperse_size_ratio_1_303030.31_t1204.50_1290.54.stat,.stat,1373731,bidisperse_mixtures/CG_windows_sigma/rotating_drum_bidisperse_size_ratio_1_303030.31_t1204.50_1290.54.stat,1.3100919723510742,1.30303,,False,time_interval_windows,31,,1204.5,1290.54
training,CG_windows_sigma,rotating_drum_bidisperse_size_ratio_1_303030.31_t1204.50_1376.58.stat,.stat,1387039,bidisperse_mixtures/CG_windows_sigma/rotating_drum_bidisperse_size_ratio_1_303030.31_t1204.50_1376.58.stat,1.3227834701538086,1.30303,,False,time_interval_windows,31,,1204.5,1376.58
training,CG_windows_sigma,rotating_drum_bidisperse_size_ratio_1_303030.31_t1215.26_1226.01.stat,.stat,1331692,bidisperse_mixtures/CG_windows_sigma/rotating_drum_bidisperse_size_ratio_1_303030.31_t1215.26_1226.01.stat,1.2700004577636719,1.30303,,False,time_interval_windows,31,,1215.26,1226.01
training,CG_windows_sigma,rotating_drum_bidisperse_size_ratio_1_303030.31_t1226.01_1236.77.stat,.stat,1345378,bidisperse_mixtures/CG_windows_sigma/rotating_drum_bidisperse_size_ratio_1_303030.31_t1226.01_1236.77.stat,1.2830524444580078,1.30303,,False,time_interval_windows,31,,1226.01,1236.77
training,CG_windows_sigma,rotating_drum_bidisperse_size_ratio_1_303030.31_t1226.01_1247.52.stat,.stat,1351536,bidisperse_mixtures/CG_windows_sigma/rotating_drum_bidisperse_size_ratio_1_303030.31_t1226.01_1247.52.stat,1.2889251708984375,1.30303,,False,time_interval_windows,31,,1226.01,1247.52
training,CG_windows_sigma,rotating_drum_bidisperse_size_ratio_1_303030.31_t1236.77_1247.52.stat,.stat,1336521,bidisperse_mixtures/CG_windows_sigma/rotating_drum_bidisperse_size_ratio_1_303030.31_t1236.77_1247.52.stat,1.2746057510375977,1.30303,,False,time_interval_windows,31,,1236.77,1247.52
training,CG_windows_sigma,rotating_drum_bidisperse_size_ratio_1_303030.31_t1247.52_1258.28.stat,.stat,1334701,bidisperse_mixtures/CG_windows_sigma/rotating_drum_bidisperse_size_ratio_1_303030.31_t1247.52_1258.28.stat,1.2728700637817383,1.30303,,False,time_interval_windows,31,,1247.52,1258.28
training,CG_windows_sigma,rotating_drum_bidisperse_size_ratio_1_303030.31_t1247.52_1269.03.stat,.stat,1346919,bidisperse_mixtures/CG_windows_sigma/rotating_drum_bidisperse_size_ratio_1_303030.31_t1247.52_1269.03.stat,1.2845220565795898,1.30303,,False,time_interval_windows,31,,1247.52,1269.03
training,CG_windows_sigma,rotating_drum_bidisperse_size_ratio_1_303030.31_t1247.52_1290.54.stat,.stat,1367602,bidisperse_mixtures/CG_windows_sigma/rotating_drum_bidisperse_size_ratio_1_303030.31_t1247.52_1290.54.stat,1.3042469024658203,1.30303,,False,time_interval_windows,31,,1247.52,1290.54
training,CG_windows_sigma,rotating_drum_bidisperse_size_ratio_1_303030.31_t1258.28_1269.03.stat,.stat,1333735,bidisperse_mixtures/CG_windows_sigma/rotating_drum_bidisperse_size_ratio_1_303030.31_t1258.28_1269.03.stat,1.2719488143920898,1.30303,,False,time_interval_windows,31,,1258.28,1269.03
training,CG_windows_sigma,rotating_drum_bidisperse_size_ratio_1_303030.31_t1269.03_1279.79.stat,.stat,1356965,bidisperse_mixtures/CG_windows_sigma/rotating_drum_bidisperse_size_ratio_1_303030.31_t1269.03_1279.79.stat,1.294102668762207,1.30303,,False,time_interval_windows,31,,1269.03,1279.79
training,CG_windows_sigma,rotating_drum_bidisperse_size_ratio_1_303030.31_t1269.03_1290.54.stat,.stat,1361514,bidisperse_mixtures/CG_windows_sigma/rotating_drum_bidisperse_size_ratio_1_303030.31_t1269.03_1290.54.stat,1.298440933227539,1.30303,,False,time_interval_windows,31,,1269.03,1290.54
training,CG_windows_sigma,rotating_drum_bidisperse_size_ratio_1_303030.31_t1279.79_1290.54.stat,.stat,1346474,bidisperse_mixtures/CG_windows_sigma/rotating_drum_bidisperse_size_ratio_1_303030.31_t1279.79_1290.54.stat,1.284097671508789,1.30303,,False,time_interval_windows,31,,1279.79,1290.54
training,CG_windows_sigma,rotating_drum_bidisperse_size_ratio_1_303030.31_t1290.54_1301.30.stat,.stat,1336800,bidisperse_mixtures/CG_windows_sigma/rotating_drum_bidisperse_size_ratio_1_303030.31_t1290.54_1301.30.stat,1.274871826171875,1.30303,,False,time_interval_windows,31,,1290.54,1301.3
training,CG_windows_sigma,rotating_drum_bidisperse_size_ratio_1_303030.31_t1290.54_1312.05.stat,.stat,1341159,bidisperse_mixtures/CG_windows_sigma/rotating_drum_bidisperse_size_ratio_1_303030.31_t1290.54_1312.05.stat,1.2790288925170898,1.30303,,False,time_interval_windows,31,,1290.54,1312.05
training,CG_windows_sigma,rotating_drum_bidisperse_size_ratio_1_303030.31_t1290.54_1333.56.stat,.stat,1366275,bidisperse_mixtures/CG_windows_sigma/rotating_drum_bidisperse_size_ratio_1_303030.31_t1290.54_1333.56.stat,1.3029813766479492,1.30303,,False,time_interval_windows,31,,1290.54,1333.56
training,CG_windows_sigma,rotating_drum_bidisperse_size_ratio_1_303030.31_t1290.54_1376.58.stat,.stat,1377704,bidisperse_mixtures/CG_windows_sigma/rotating_drum_bidisperse_size_ratio_1_303030.31_t1290.54_1376.58.stat,1.3138809204101562,1.30303,,False,time_interval_windows,31,,1290.54,1376.58
training,CG_windows_sigma,rotating_drum_bidisperse_size_ratio_1_303030.31_t1301.30_1312.05.stat,.stat,1331627,bidisperse_mixtures/CG_windows_sigma/rotating_drum_bidisperse_size_ratio_1_303030.31_t1301.30_1312.05.stat,1.2699384689331055,1.30303,,False,time_interval_windows,31,,1301.3,1312.05
training,CG_windows_sigma,rotating_drum_bidisperse_size_ratio_1_303030.31_t1312.05_1322.80.stat,.stat,1341198,bidisperse_mixtures/CG_windows_sigma/rotating_drum_bidisperse_size_ratio_1_303030.31_t1312.05_1322.80.stat,1.2790660858154297,1.30303,,False,time_interval_windows,31,,1312.05,1322.8
training,CG_windows_sigma,rotating_drum_bidisperse_size_ratio_1_303030.31_t1312.05_1333.56.stat,.stat,1353544,bidisperse_mixtures/CG_windows_sigma/rotating_drum_bidisperse_size_ratio_1_303030.31_t1312.05_1333.56.stat,1.2908401489257812,1.30303,,False,time_interval_windows,31,,1312.05,1333.56
training,CG_windows_sigma,rotating_drum_bidisperse_size_ratio_1_303030.31_t1322.80_1333.56.stat,.stat,1337831,bidisperse_mixtures/CG_windows_sigma/rotating_drum_bidisperse_size_ratio_1_303030.31_t1322.80_1333.56.stat,1.2758550643920898,1.30303,,False,time_interval_windows,31,,1322.8,1333.56
training,CG_windows_sigma,rotating_drum_bidisperse_size_ratio_1_303030.31_t1333.56_1344.31.stat,.stat,1346677,bidisperse_mixtures/CG_windows_sigma/rotating_drum_bidisperse_size_ratio_1_303030.31_t1333.56_1344.31.stat,1.2842912673950195,1.30303,,False,time_interval_windows,31,,1333.56,1344.31
training,CG_windows_sigma,rotating_drum_bidisperse_size_ratio_1_303030.31_t1333.56_1355.07.stat,.stat,1363444,bidisperse_mixtures/CG_windows_sigma/rotating_drum_bidisperse_size_ratio_1_303030.31_t1333.56_1355.07.stat,1.3002815246582031,1.30303,,False,time_interval_windows,31,,1333.56,1355.07
training,CG_windows_sigma,rotating_drum_bidisperse_size_ratio_1_303030.31_t1333.56_1376.58.stat,.stat,1366257,bidisperse_mixtures/CG_windows_sigma/rotating_drum_bidisperse_size_ratio_1_303030.31_t1333.56_1376.58.stat,1.302964210510254,1.30303,,False,time_interval_windows,31,,1333.56,1376.58
training,CG_windows_sigma,rotating_drum_bidisperse_size_ratio_1_303030.31_t1344.31_1355.07.stat,.stat,1343323,bidisperse_mixtures/CG_windows_sigma/rotating_drum_bidisperse_size_ratio_1_303030.31_t1344.31_1355.07.stat,1.281092643737793,1.30303,,False,time_interval_windows,31,,1344.31,1355.07
training,CG_windows_sigma,rotating_drum_bidisperse_size_ratio_1_303030.31_t1355.07_1365.82.stat,.stat,1335216,bidisperse_mixtures/CG_windows_sigma/rotating_drum_bidisperse_size_ratio_1_303030.31_t1355.07_1365.82.stat,1.2733612060546875,1.30303,,False,time_interval_windows,31,,1355.07,1365.82
training,CG_windows_sigma,rotating_drum_bidisperse_size_ratio_1_303030.31_t1355.07_1376.58.stat,.stat,1346122,bidisperse_mixtures/CG_windows_sigma/rotating_drum_bidisperse_size_ratio_1_303030.31_t1355.07_1376.58.stat,1.283761978149414,1.30303,,False,time_interval_windows,31,,1355.07,1376.58
training,CG_windows_sigma,rotating_drum_bidisperse_size_ratio_1_303030.31_t1365.82_1376.58.stat,.stat,1337033,bidisperse_mixtures/CG_windows_sigma/rotating_drum_bidisperse_size_ratio_1_303030.31_t1365.82_1376.58.stat,1.2750940322875977,1.30303,,False,time_interval_windows,31,,1365.82,1376.58
training,CG_windows_sigma,rotating_drum_bidisperse_size_ratio_1_303030.31_t1376.58_1387.33.stat,.stat,1334157,bidisperse_mixtures/CG_windows_sigma/rotating_drum_bidisperse_size_ratio_1_303030.31_t1376.58_1387.33.stat,1.2723512649536133,1.30303,,False,time_interval_windows,31,,1376.58,1387.33
training,CG_windows_sigma,rotating_drum_bidisperse_size_ratio_1_303030.31_t1376.58_1398.09.stat,.stat,1340193,bidisperse_mixtures/CG_windows_sigma/rotating_drum_bidisperse_size_ratio_1_303030.31_t1376.58_1398.09.stat,1.2781076431274414,1.30303,,False,time_interval_windows,31,,1376.58,1398.09
training,CG_windows_sigma,rotating_drum_bidisperse_size_ratio_1_303030.31_t1376.58_1419.59.stat,.stat,1354110,bidisperse_mixtures/CG_windows_sigma/rotating_drum_bidisperse_size_ratio_1_303030.31_t1376.58_1419.59.stat,1.2913799285888672,1.30303,,False,time_interval_windows,31,,1376.58,1419.59
training,CG_windows_sigma,rotating_drum_bidisperse_size_ratio_1_303030.31_t1376.58_1462.61.stat,.stat,1362535,bidisperse_mixtures/CG_windows_sigma/rotating_drum_bidisperse_size_ratio_1_303030.31_t1376.58_1462.61.stat,1.2994146347045898,1.30303,,False,time_interval_windows,31,,1376.58,1462.61
training,CG_windows_sigma,rotating_drum_bidisperse_size_ratio_1_303030.31_t1376.58_1548.65.stat,.stat,1375514,bidisperse_mixtures/CG_windows_sigma/rotating_drum_bidisperse_size_ratio_1_303030.31_t1376.58_1548.65.stat,1.3117923736572266,1.30303,,False,time_interval_windows,31,,1376.58,1548.65
training,CG_windows_sigma,rotating_drum_bidisperse_size_ratio_1_303030.31_t1376.58_1720.72.stat,.stat,1392958,bidisperse_mixtures/CG_windows_sigma/rotating_drum_bidisperse_size_ratio_1_303030.31_t1376.58_1720.72.stat,1.3284282684326172,1.30303,,False,time_interval_windows,31,,1376.58,1720.72
training,CG_windows_sigma,rotating_drum_bidisperse_size_ratio_1_303030.31_t1387.33_1398.09.stat,.stat,1331910,bidisperse_mixtures/CG_windows_sigma/rotating_drum_bidisperse_size_ratio_1_303030.31_t1387.33_1398.09.stat,1.2702083587646484,1.30303,,False,time_interval_windows,31,,1387.33,1398.09
training,CG_windows_sigma,rotating_drum_bidisperse_size_ratio_1_303030.31_t1398.09_1408.84.stat,.stat,1341625,bidisperse_mixtures/CG_windows_sigma/rotating_drum_bidisperse_size_ratio_1_303030.31_t1398.09_1408.84.stat,1.2794733047485352,1.30303,,False,time_interval_windows,31,,1398.09,1408.84
training,CG_windows_sigma,rotating_drum_bidisperse_size_ratio_1_303030.31_t1398.09_1419.59.stat,.stat,1349983,bidisperse_mixtures/CG_windows_sigma/rotating_drum_bidisperse_size_ratio_1_303030.31_t1398.09_1419.59.stat,1.2874441146850586,1.30303,,False,time_interval_windows,31,,1398.09,1419.59
training,CG_windows_sigma,rotating_drum_bidisperse_size_ratio_1_303030.31_t1408.84_1419.59.stat,.stat,1334445,bidisperse_mixtures/CG_windows_sigma/rotating_drum_bidisperse_size_ratio_1_303030.31_t1408.84_1419.59.stat,1.2726259231567383,1.30303,,False,time_interval_windows,31,,1408.84,1419.59
training,CG_windows_sigma,rotating_drum_bidisperse_size_ratio_1_303030.31_t1419.59_1430.35.stat,.stat,1331057,bidisperse_mixtures/CG_windows_sigma/rotating_drum_bidisperse_size_ratio_1_303030.31_t1419.59_1430.35.stat,1.269394874572754,1.30303,,False,time_interval_windows,31,,1419.59,1430.35
training,CG_windows_sigma,rotating_drum_bidisperse_size_ratio_1_303030.31_t1419.59_1441.10.stat,.stat,1343812,bidisperse_mixtures/CG_windows_sigma/rotating_drum_bidisperse_size_ratio_1_303030.31_t1419.59_1441.10.stat,1.2815589904785156,1.30303,,False,time_interval_windows,31,,1419.59,1441.1
training,CG_windows_sigma,rotating_drum_bidisperse_size_ratio_1_303030.31_t1419.59_1462.61.stat,.stat,1353597,bidisperse_mixtures/CG_windows_sigma/rotating_drum_bidisperse_size_ratio_1_303030.31_t1419.59_1462.61.stat,1.2908906936645508,1.30303,,False,time_interval_windows,31,,1419.59,1462.61
training,CG_windows_sigma,rotating_drum_bidisperse_size_ratio_1_303030.31_t1430.35_1441.10.stat,.stat,1334943,bidisperse_mixtures/CG_windows_sigma/rotating_drum_bidisperse_size_ratio_1_303030.31_t1430.35_1441.10.stat,1.2731008529663086,1.30303,,False,time_interval_windows,31,,1430.35,1441.1
training,CG_windows_sigma,rotating_drum_bidisperse_size_ratio_1_303030.31_t1441.10_1451.86.stat,.stat,1329191,bidisperse_mixtures/CG_windows_sigma/rotating_drum_bidisperse_size_ratio_1_303030.31_t1441.10_1451.86.stat,1.2676153182983398,1.30303,,False,time_interval_windows,31,,1441.1,1451.86
training,CG_windows_sigma,rotating_drum_bidisperse_size_ratio_1_303030.31_t1441.10_1462.61.stat,.stat,1341660,bidisperse_mixtures/CG_windows_sigma/rotating_drum_bidisperse_size_ratio_1_303030.31_t1441.10_1462.61.stat,1.2795066833496094,1.30303,,False,time_interval_windows,31,,1441.1,1462.61
training,CG_windows_sigma,rotating_drum_bidisperse_size_ratio_1_303030.31_t1451.86_1462.61.stat,.stat,1336872,bidisperse_mixtures/CG_windows_sigma/rotating_drum_bidisperse_size_ratio_1_303030.31_t1451.86_1462.61.stat,1.2749404907226562,1.30303,,False,time_interval_windows,31,,1451.86,1462.61
training,CG_windows_sigma,rotating_drum_bidisperse_size_ratio_1_303030.31_t1462.61_1473.37.stat,.stat,1334023,bidisperse_mixtures/CG_windows_sigma/rotating_drum_bidisperse_size_ratio_1_303030.31_t1462.61_1473.37.stat,1.2722234725952148,1.30303,,False,time_interval_windows,31,,1462.61,1473.37
training,CG_windows_sigma,rotating_drum_bidisperse_size_ratio_1_303030.31_t1462.61_1484.12.stat,.stat,1349616,bidisperse_mixtures/CG_windows_sigma/rotating_drum_bidisperse_size_ratio_1_303030.31_t1462.61_1484.12.stat,1.2870941162109375,1.30303,,False,time_interval_windows,31,,1462.61,1484.12
training,CG_windows_sigma,rotating_drum_bidisperse_size_ratio_1_303030.31_t1462.61_1505.63.stat,.stat,1363942,bidisperse_mixtures/CG_windows_sigma/rotating_drum_bidisperse_size_ratio_1_303030.31_t1462.61_1505.63.stat,1.3007564544677734,1.30303,,False,time_interval_windows,31,,1462.61,1505.63
training,CG_windows_sigma,rotating_drum_bidisperse_size_ratio_1_303030.31_t1462.61_1548.65.stat,.stat,1371250,bidisperse_mixtures/CG_windows_sigma/rotating_drum_bidisperse_size_ratio_1_303030.31_t1462.61_1548.65.stat,1.3077259063720703,1.30303,,False,time_interval_windows,31,,1462.61,1548.65
training,CG_windows_sigma,rotating_drum_bidisperse_size_ratio_1_303030.31_t1473.37_1484.12.stat,.stat,1340526,bidisperse_mixtures/CG_windows_sigma/rotating_drum_bidisperse_size_ratio_1_303030.31_t1473.37_1484.12.stat,1.2784252166748047,1.30303,,False,time_interval_windows,31,,1473.37,1484.12
training,CG_windows_sigma,rotating_drum_bidisperse_size_ratio_1_303030.31_t1484.12_1494.88.stat,.stat,1337025,bidisperse_mixtures/CG_windows_sigma/rotating_drum_bidisperse_size_ratio_1_303030.31_t1484.12_1494.88.stat,1.2750864028930664,1.30303,,False,time_interval_windows,31,,1484.12,1494.88
training,CG_windows_sigma,rotating_drum_bidisperse_size_ratio_1_303030.31_t1484.12_1505.63.stat,.stat,1360412,bidisperse_mixtures/CG_windows_sigma/rotating_drum_bidisperse_size_ratio_1_303030.31_t1484.12_1505.63.stat,1.2973899841308594,1.30303,,False,time_interval_windows,31,,1484.12,1505.63
training,CG_windows_sigma,rotating_drum_bidisperse_size_ratio_1_303030.31_t1494.88_1505.63.stat,.stat,1350152,bidisperse_mixtures/CG_windows_sigma/rotating_drum_bidisperse_size_ratio_1_303030.31_t1494.88_1505.63.stat,1.2876052856445312,1.30303,,False,time_interval_windows,31,,1494.88,1505.63
training,CG_windows_sigma,rotating_drum_bidisperse_size_ratio_1_303030.31_t1505.63_1516.39.stat,.stat,1329013,bidisperse_mixtures/CG_windows_sigma/rotating_drum_bidisperse_size_ratio_1_303030.31_t1505.63_1516.39.stat,1.2674455642700195,1.30303,,False,time_interval_windows,31,,1505.63,1516.39
training,CG_windows_sigma,rotating_drum_bidisperse_size_ratio_1_303030.31_t1505.63_1527.14.stat,.stat,1345693,bidisperse_mixtures/CG_windows_sigma/rotating_drum_bidisperse_size_ratio_1_303030.31_t1505.63_1527.14.stat,1.2833528518676758,1.30303,,False,time_interval_windows,31,,1505.63,1527.14
training,CG_windows_sigma,rotating_drum_bidisperse_size_ratio_1_303030.31_t1505.63_1548.65.stat,.stat,1358854,bidisperse_mixtures/CG_windows_sigma/rotating_drum_bidisperse_size_ratio_1_303030.31_t1505.63_1548.65.stat,1.2959041595458984,1.30303,,False,time_interval_windows,31,,1505.63,1548.65
training,CG_windows_sigma,rotating_drum_bidisperse_size_ratio_1_303030.31_t1516.39_1527.14.stat,.stat,1341825,bidisperse_mixtures/CG_windows_sigma/rotating_drum_bidisperse_size_ratio_1_303030.31_t1516.39_1527.14.stat,1.2796640396118164,1.30303,,False,time_interval_windows,31,,1516.39,1527.14
training,CG_windows_sigma,rotating_drum_bidisperse_size_ratio_1_303030.31_t1527.14_1537.89.stat,.stat,1331966,bidisperse_mixtures/CG_windows_sigma/rotating_drum_bidisperse_size_ratio_1_303030.31_t1527.14_1537.89.stat,1.2702617645263672,1.30303,,False,time_interval_windows,31,,1527.14,1537.89
training,CG_windows_sigma,rotating_drum_bidisperse_size_ratio_1_303030.31_t1527.14_1548.65.stat,.stat,1354547,bidisperse_mixtures/CG_windows_sigma/rotating_drum_bidisperse_size_ratio_1_303030.31_t1527.14_1548.65.stat,1.2917966842651367,1.30303,,False,time_interval_windows,31,,1527.14,1548.65
training,CG_windows_sigma,rotating_drum_bidisperse_size_ratio_1_303030.31_t1537.89_1548.65.stat,.stat,1347801,bidisperse_mixtures/CG_windows_sigma/rotating_drum_bidisperse_size_ratio_1_303030.31_t1537.89_1548.65.stat,1.2853631973266602,1.30303,,False,time_interval_windows,31,,1537.89,1548.65
training,CG_windows_sigma,rotating_drum_bidisperse_size_ratio_1_303030.31_t1548.65_1559.40.stat,.stat,1331377,bidisperse_mixtures/CG_windows_sigma/rotating_drum_bidisperse_size_ratio_1_303030.31_t1548.65_1559.40.stat,1.269700050354004,1.30303,,False,time_interval_windows,31,,1548.65,1559.4
training,CG_windows_sigma,rotating_drum_bidisperse_size_ratio_1_303030.31_t1548.65_1570.16.stat,.stat,1352311,bidisperse_mixtures/CG_windows_sigma/rotating_drum_bidisperse_size_ratio_1_303030.31_t1548.65_1570.16.stat,1.2896642684936523,1.30303,,False,time_interval_windows,31,,1548.65,1570.16
training,CG_windows_sigma,rotating_drum_bidisperse_size_ratio_1_303030.31_t1548.65_1591.67.stat,.stat,1359031,bidisperse_mixtures/CG_windows_sigma/rotating_drum_bidisperse_size_ratio_1_303030.31_t1548.65_1591.67.stat,1.2960729598999023,1.30303,,False,time_interval_windows,31,,1548.65,1591.67
training,CG_windows_sigma,rotating_drum_bidisperse_size_ratio_1_303030.31_t1548.65_1634.69.stat,.stat,1374450,bidisperse_mixtures/CG_windows_sigma/rotating_drum_bidisperse_size_ratio_1_303030.31_t1548.65_1634.69.stat,1.3107776641845703,1.30303,,False,time_interval_windows,31,,1548.65,1634.69
training,CG_windows_sigma,rotating_drum_bidisperse_size_ratio_1_303030.31_t1548.65_1720.72.stat,.stat,1389512,bidisperse_mixtures/CG_windows_sigma/rotating_drum_bidisperse_size_ratio_1_303030.31_t1548.65_1720.72.stat,1.3251419067382812,1.30303,,False,time_interval_windows,31,,1548.65,1720.72
training,CG_windows_sigma,rotating_drum_bidisperse_size_ratio_1_303030.31_t1559.40_1570.16.stat,.stat,1347773,bidisperse_mixtures/CG_windows_sigma/rotating_drum_bidisperse_size_ratio_1_303030.31_t1559.40_1570.16.stat,1.2853364944458008,1.30303,,False,time_interval_windows,31,,1559.4,1570.16
training,CG_windows_sigma,rotating_drum_bidisperse_size_ratio_1_303030.31_t1570.16_1580.91.stat,.stat,1341188,bidisperse_mixtures/CG_windows_sigma/rotating_drum_bidisperse_size_ratio_1_303030.31_t1570.16_1580.91.stat,1.2790565490722656,1.30303,,False,time_interval_windows,31,,1570.16,1580.91
training,CG_windows_sigma,rotating_drum_bidisperse_size_ratio_1_303030.31_t1570.16_1591.67.stat,.stat,1347356,bidisperse_mixtures/CG_windows_sigma/rotating_drum_bidisperse_size_ratio_1_303030.31_t1570.16_1591.67.stat,1.2849388122558594,1.30303,,False,time_interval_windows,31,,1570.16,1591.67
training,CG_windows_sigma,rotating_drum_bidisperse_size_ratio_1_303030.31_t1580.91_1591.67.stat,.stat,1335842,bidisperse_mixtures/CG_windows_sigma/rotating_drum_bidisperse_size_ratio_1_303030.31_t1580.91_1591.67.stat,1.2739582061767578,1.30303,,False,time_interval_windows,31,,1580.91,1591.67
training,CG_windows_sigma,rotating_drum_bidisperse_size_ratio_1_303030.31_t1591.67_1602.42.stat,.stat,1325823,bidisperse_mixtures/CG_windows_sigma/rotating_drum_bidisperse_size_ratio_1_303030.31_t1591.67_1602.42.stat,1.2644033432006836,1.30303,,False,time_interval_windows,31,,1591.67,1602.42
training,CG_windows_sigma,rotating_drum_bidisperse_size_ratio_1_303030.31_t1591.67_1613.18.stat,.stat,1356291,bidisperse_mixtures/CG_windows_sigma/rotating_drum_bidisperse_size_ratio_1_303030.31_t1591.67_1613.18.stat,1.2934598922729492,1.30303,,False,time_interval_windows,31,,1591.67,1613.18
training,CG_windows_sigma,rotating_drum_bidisperse_size_ratio_1_303030.31_t1591.67_1634.69.stat,.stat,1367754,bidisperse_mixtures/CG_windows_sigma/rotating_drum_bidisperse_size_ratio_1_303030.31_t1591.67_1634.69.stat,1.304391860961914,1.30303,,False,time_interval_windows,31,,1591.67,1634.69
training,CG_windows_sigma,rotating_drum_bidisperse_size_ratio_1_303030.31_t1602.42_1613.18.stat,.stat,1347754,bidisperse_mixtures/CG_windows_sigma/rotating_drum_bidisperse_size_ratio_1_303030.31_t1602.42_1613.18.stat,1.285318374633789,1.30303,,False,time_interval_windows,31,,1602.42,1613.18
training,CG_windows_sigma,rotating_drum_bidisperse_size_ratio_1_303030.31_t1613.18_1623.93.stat,.stat,1352362,bidisperse_mixtures/CG_windows_sigma/rotating_drum_bidisperse_size_ratio_1_303030.31_t1613.18_1623.93.stat,1.289712905883789,1.30303,,False,time_interval_windows,31,,1613.18,1623.93
training,CG_windows_sigma,rotating_drum_bidisperse_size_ratio_1_303030.31_t1613.18_1634.69.stat,.stat,1357343,bidisperse_mixtures/CG_windows_sigma/rotating_drum_bidisperse_size_ratio_1_303030.31_t1613.18_1634.69.stat,1.2944631576538086,1.30303,,False,time_interval_windows,31,,1613.18,1634.69
training,CG_windows_sigma,rotating_drum_bidisperse_size_ratio_1_303030.31_t1623.93_1634.69.stat,.stat,1337836,bidisperse_mixtures/CG_windows_sigma/rotating_drum_bidisperse_size_ratio_1_303030.31_t1623.93_1634.69.stat,1.2758598327636719,1.30303,,False,time_interval_windows,31,,1623.93,1634.69
training,CG_windows_sigma,rotating_drum_bidisperse_size_ratio_1_303030.31_t1634.69_1645.44.stat,.stat,1335064,bidisperse_mixtures/CG_windows_sigma/rotating_drum_bidisperse_size_ratio_1_303030.31_t1634.69_1645.44.stat,1.2732162475585938,1.30303,,False,time_interval_windows,31,,1634.69,1645.44
training,CG_windows_sigma,rotating_drum_bidisperse_size_ratio_1_303030.31_t1634.69_1656.19.stat,.stat,1345976,bidisperse_mixtures/CG_windows_sigma/rotating_drum_bidisperse_size_ratio_1_303030.31_t1634.69_1656.19.stat,1.2836227416992188,1.30303,,False,time_interval_windows,31,,1634.69,1656.19
training,CG_windows_sigma,rotating_drum_bidisperse_size_ratio_1_303030.31_t1634.69_1677.70.stat,.stat,1364640,bidisperse_mixtures/CG_windows_sigma/rotating_drum_bidisperse_size_ratio_1_303030.31_t1634.69_1677.70.stat,1.301422119140625,1.30303,,False,time_interval_windows,31,,1634.69,1677.7
training,CG_windows_sigma,rotating_drum_bidisperse_size_ratio_1_303030.31_t1634.69_1720.72.stat,.stat,1369247,bidisperse_mixtures/CG_windows_sigma/rotating_drum_bidisperse_size_ratio_1_303030.31_t1634.69_1720.72.stat,1.3058156967163086,1.30303,,False,time_interval_windows,31,,1634.69,1720.72
training,CG_windows_sigma,rotating_drum_bidisperse_size_ratio_1_303030.31_t1645.44_1656.19.stat,.stat,1332525,bidisperse_mixtures/CG_windows_sigma/rotating_drum_bidisperse_size_ratio_1_303030.31_t1645.44_1656.19.stat,1.2707948684692383,1.30303,,False,time_interval_windows,31,,1645.44,1656.19
training,CG_windows_sigma,rotating_drum_bidisperse_size_ratio_1_303030.31_t1656.19_1666.95.stat,.stat,1340411,bidisperse_mixtures/CG_windows_sigma/rotating_drum_bidisperse_size_ratio_1_303030.31_t1656.19_1666.95.stat,1.278315544128418,1.30303,,False,time_interval_windows,31,,1656.19,1666.95
training,CG_windows_sigma,rotating_drum_bidisperse_size_ratio_1_303030.31_t1656.19_1677.70.stat,.stat,1358650,bidisperse_mixtures/CG_windows_sigma/rotating_drum_bidisperse_size_ratio_1_303030.31_t1656.19_1677.70.stat,1.2957096099853516,1.30303,,False,time_interval_windows,31,,1656.19,1677.7
training,CG_windows_sigma,rotating_drum_bidisperse_size_ratio_1_303030.31_t1666.95_1677.70.stat,.stat,1346059,bidisperse_mixtures/CG_windows_sigma/rotating_drum_bidisperse_size_ratio_1_303030.31_t1666.95_1677.70.stat,1.2837018966674805,1.30303,,False,time_interval_windows,31,,1666.95,1677.7
training,CG_windows_sigma,rotating_drum_bidisperse_size_ratio_1_303030.31_t1677.70_1688.46.stat,.stat,1343114,bidisperse_mixtures/CG_windows_sigma/rotating_drum_bidisperse_size_ratio_1_303030.31_t1677.70_1688.46.stat,1.280893325805664,1.30303,,False,time_interval_windows,31,,1677.7,1688.46
training,CG_windows_sigma,rotating_drum_bidisperse_size_ratio_1_303030.31_t1677.70_1699.21.stat,.stat,1351505,bidisperse_mixtures/CG_windows_sigma/rotating_drum_bidisperse_size_ratio_1_303030.31_t1677.70_1699.21.stat,1.288895606994629,1.30303,,False,time_interval_windows,31,,1677.7,1699.21
training,CG_windows_sigma,rotating_drum_bidisperse_size_ratio_1_303030.31_t1677.70_1720.72.stat,.stat,1357146,bidisperse_mixtures/CG_windows_sigma/rotating_drum_bidisperse_size_ratio_1_303030.31_t1677.70_1720.72.stat,1.2942752838134766,1.30303,,False,time_interval_windows,31,,1677.7,1720.72
training,CG_windows_sigma,rotating_drum_bidisperse_size_ratio_1_303030.31_t1688.46_1699.21.stat,.stat,1340549,bidisperse_mixtures/CG_windows_sigma/rotating_drum_bidisperse_size_ratio_1_303030.31_t1688.46_1699.21.stat,1.278447151184082,1.30303,,False,time_interval_windows,31,,1688.46,1699.21
training,CG_windows_sigma,rotating_drum_bidisperse_size_ratio_1_303030.31_t1699.21_1709.97.stat,.stat,1337424,bidisperse_mixtures/CG_windows_sigma/rotating_drum_bidisperse_size_ratio_1_303030.31_t1699.21_1709.97.stat,1.2754669189453125,1.30303,,False,time_interval_windows,31,,1699.21,1709.97
training,CG_windows_sigma,rotating_drum_bidisperse_size_ratio_1_303030.31_t1699.21_1720.72.stat,.stat,1348507,bidisperse_mixtures/CG_windows_sigma/rotating_drum_bidisperse_size_ratio_1_303030.31_t1699.21_1720.72.stat,1.286036491394043,1.30303,,False,time_interval_windows,31,,1699.21,1720.72
training,CG_windows_sigma,rotating_drum_bidisperse_size_ratio_1_303030.31_t1709.97_1720.72.stat,.stat,1333537,bidisperse_mixtures/CG_windows_sigma/rotating_drum_bidisperse_size_ratio_1_303030.31_t1709.97_1720.72.stat,1.2717599868774414,1.30303,,False,time_interval_windows,31,,1709.97,1720.72
training,CG_windows,rotating_drum_bidisperse_size_ratio_1_000000_w1.stat,.stat,1341706,bidisperse_mixtures/CG_windows/rotating_drum_bidisperse_size_ratio_1_000000_w1.stat,1.279550552368164,,,False,unparsed,,,,
