model,rank,method,operation,block,calls_per_block,time_per_query_ms
validation_selected_rank,6,frozen_nn,coefficient_prediction,0,40,0.13415805
validation_selected_rank,6,frozen_nn,coefficient_prediction,1,40,0.11381842499999999
validation_selected_rank,6,frozen_nn,coefficient_prediction,2,40,0.11258925
validation_selected_rank,6,frozen_nn,coefficient_prediction,3,40,0.132985025
validation_selected_rank,6,frozen_nn,coefficient_prediction,4,40,0.120254475
validation_selected_rank,6,frozen_nn,coefficient_prediction,5,40,0.112420775
validation_selected_rank,6,frozen_nn,coefficient_prediction,6,40,0.10052512499999999
validation_selected_rank,6,frozen_nn,coefficient_prediction,7,40,0.1033721
validation_selected_rank,6,frozen_nn,coefficient_prediction,8,40,0.10127824999999999
validation_selected_rank,6,frozen_nn,coefficient_prediction,9,40,0.10599675
validation_selected_rank,6,frozen_nn,coefficient_prediction,10,40,0.09390509999999999
validation_selected_rank,6,frozen_nn,coefficient_prediction,11,40,0.09858130000000001
validation_selected_rank,6,frozen_nn,coefficient_prediction,12,40,0.09176095
validation_selected_rank,6,frozen_nn,coefficient_prediction,13,40,0.099747725
validation_selected_rank,6,frozen_nn,coefficient_prediction,14,40,0.094569975
validation_selected_rank,6,frozen_nn,coefficient_prediction,15,40,0.103309175
validation_selected_rank,6,frozen_nn,coefficient_prediction,16,40,0.11041464999999999
validation_selected_rank,6,frozen_nn,coefficient_prediction,17,40,0.10291945
validation_selected_rank,6,frozen_nn,coefficient_prediction,18,40,0.10451455000000001
validation_selected_rank,6,frozen_nn,coefficient_prediction,19,40,0.09892182499999999
validation_selected_rank,6,frozen_nn,coefficient_prediction,20,40,0.09741215
validation_selected_rank,6,frozen_nn,coefficient_prediction,21,40,0.101600775
validation_selected_rank,6,frozen_nn,coefficient_prediction,22,40,0.097973275
validation_selected_rank,6,frozen_nn,coefficient_prediction,23,40,0.095732825
validation_selected_rank,6,frozen_nn,coefficient_prediction,24,40,0.093919425
validation_selected_rank,6,frozen_nn,full_field_prediction,0,40,0.14533095000000001
validation_selected_rank,6,frozen_nn,full_field_prediction,1,40,0.1524367
validation_selected_rank,6,frozen_nn,full_field_prediction,2,40,0.14244457500000002
validation_selected_rank,6,frozen_nn,full_field_prediction,3,40,0.21026867500000002
validation_selected_rank,6,frozen_nn,full_field_prediction,4,40,0.147665225
validation_selected_rank,6,frozen_nn,full_field_prediction,5,40,0.136424075
validation_selected_rank,6,frozen_nn,full_field_prediction,6,40,0.1318677
validation_selected_rank,6,frozen_nn,full_field_prediction,7,40,0.154378125
validation_selected_rank,6,frozen_nn,full_field_prediction,8,40,0.15729915
validation_selected_rank,6,frozen_nn,full_field_prediction,9,40,0.153323875
validation_selected_rank,6,frozen_nn,full_field_prediction,10,40,0.156312325
validation_selected_rank,6,frozen_nn,full_field_prediction,11,40,0.173824175
validation_selected_rank,6,frozen_nn,full_field_prediction,12,40,0.148070175
validation_selected_rank,6,frozen_nn,full_field_prediction,13,40,0.142460275
validation_selected_rank,6,frozen_nn,full_field_prediction,14,40,0.144091
validation_selected_rank,6,frozen_nn,full_field_prediction,15,40,0.143432625
validation_selected_rank,6,frozen_nn,full_field_prediction,16,40,0.13759570000000002
validation_selected_rank,6,frozen_nn,full_field_prediction,17,40,0.14711595
validation_selected_rank,6,frozen_nn,full_field_prediction,18,40,0.144528925
validation_selected_rank,6,frozen_nn,full_field_prediction,19,40,0.14929245
validation_selected_rank,6,frozen_nn,full_field_prediction,20,40,0.145317525
validation_selected_rank,6,frozen_nn,full_field_prediction,21,40,0.133571975
validation_selected_rank,6,frozen_nn,full_field_prediction,22,40,0.150639325
validation_selected_rank,6,frozen_nn,full_field_prediction,23,40,0.148114475
validation_selected_rank,6,frozen_nn,full_field_prediction,24,40,0.149227675
validation_selected_rank,6,piecewise_linear,coefficient_prediction,0,40,0.060433400000000005
validation_selected_rank,6,piecewise_linear,coefficient_prediction,1,40,0.06987475
validation_selected_rank,6,piecewise_linear,coefficient_prediction,2,40,0.067237325
validation_selected_rank,6,piecewise_linear,coefficient_prediction,3,40,0.125210425
validation_selected_rank,6,piecewise_linear,coefficient_prediction,4,40,0.072336275
validation_selected_rank,6,piecewise_linear,coefficient_prediction,5,40,0.076370875
validation_selected_rank,6,piecewise_linear,coefficient_prediction,6,40,0.08566015
validation_selected_rank,6,piecewise_linear,coefficient_prediction,7,40,0.079284875
validation_selected_rank,6,piecewise_linear,coefficient_prediction,8,40,0.07959205
validation_selected_rank,6,piecewise_linear,coefficient_prediction,9,40,0.059741875
validation_selected_rank,6,piecewise_linear,coefficient_prediction,10,40,0.060419524999999995
validation_selected_rank,6,piecewise_linear,coefficient_prediction,11,40,0.057773825
validation_selected_rank,6,piecewise_linear,coefficient_prediction,12,40,0.053329325000000004
validation_selected_rank,6,piecewise_linear,coefficient_prediction,13,40,0.057651825000000004
validation_selected_rank,6,piecewise_linear,coefficient_prediction,14,40,0.0643382
validation_selected_rank,6,piecewise_linear,coefficient_prediction,15,40,0.064492575
validation_selected_rank,6,piecewise_linear,coefficient_prediction,16,40,0.0926681
validation_selected_rank,6,piecewise_linear,coefficient_prediction,17,40,0.056628325
validation_selected_rank,6,piecewise_linear,coefficient_prediction,18,40,0.059825325
validation_selected_rank,6,piecewise_linear,coefficient_prediction,19,40,0.056507975
validation_selected_rank,6,piecewise_linear,coefficient_prediction,20,40,0.053301549999999996
validation_selected_rank,6,piecewise_linear,coefficient_prediction,21,40,0.045991199999999996
validation_selected_rank,6,piecewise_linear,coefficient_prediction,22,40,0.057217125
validation_selected_rank,6,piecewise_linear,coefficient_prediction,23,40,0.077809825
validation_selected_rank,6,piecewise_linear,coefficient_prediction,24,40,0.054939749999999996
validation_selected_rank,6,piecewise_linear,full_field_prediction,0,40,0.10419909999999999
validation_selected_rank,6,piecewise_linear,full_field_prediction,1,40,0.09713429999999999
validation_selected_rank,6,piecewise_linear,full_field_prediction,2,40,0.0977304
validation_selected_rank,6,piecewise_linear,full_field_prediction,3,40,0.154244775
validation_selected_rank,6,piecewise_linear,full_field_prediction,4,40,0.101314075
validation_selected_rank,6,piecewise_linear,full_field_prediction,5,40,0.100898775
validation_selected_rank,6,piecewise_linear,full_field_prediction,6,40,0.10336000000000001
validation_selected_rank,6,piecewise_linear,full_field_prediction,7,40,0.102142925
validation_selected_rank,6,piecewise_linear,full_field_prediction,8,40,0.093913125
validation_selected_rank,6,piecewise_linear,full_field_prediction,9,40,0.0993905
validation_selected_rank,6,piecewise_linear,full_field_prediction,10,40,0.096042025
validation_selected_rank,6,piecewise_linear,full_field_prediction,11,40,0.099123125
validation_selected_rank,6,piecewise_linear,full_field_prediction,12,40,0.09579937499999999
validation_selected_rank,6,piecewise_linear,full_field_prediction,13,40,0.10119942500000001
validation_selected_rank,6,piecewise_linear,full_field_prediction,14,40,0.10270844999999999
validation_selected_rank,6,piecewise_linear,full_field_prediction,15,40,0.10294289999999999
validation_selected_rank,6,piecewise_linear,full_field_prediction,16,40,0.10000515000000001
validation_selected_rank,6,piecewise_linear,full_field_prediction,17,40,0.0962592
validation_selected_rank,6,piecewise_linear,full_field_prediction,18,40,0.11079270000000001
validation_selected_rank,6,piecewise_linear,full_field_prediction,19,40,0.093541475
validation_selected_rank,6,piecewise_linear,full_field_prediction,20,40,0.11023485
validation_selected_rank,6,piecewise_linear,full_field_prediction,21,40,0.09977185
validation_selected_rank,6,piecewise_linear,full_field_prediction,22,40,0.10538149999999999
validation_selected_rank,6,piecewise_linear,full_field_prediction,23,40,0.12041237499999999
validation_selected_rank,6,piecewise_linear,full_field_prediction,24,40,0.099101525
validation_selected_rank,6,pchip,coefficient_prediction,0,40,0.026547300000000003
validation_selected_rank,6,pchip,coefficient_prediction,1,40,0.028847875000000002
validation_selected_rank,6,pchip,coefficient_prediction,2,40,0.029871150000000003
validation_selected_rank,6,pchip,coefficient_prediction,3,40,0.050710925
validation_selected_rank,6,pchip,coefficient_prediction,4,40,0.0607827
validation_selected_rank,6,pchip,coefficient_prediction,5,40,0.0613178
validation_selected_rank,6,pchip,coefficient_prediction,6,40,0.04562365
validation_selected_rank,6,pchip,coefficient_prediction,7,40,0.048684424999999996
validation_selected_rank,6,pchip,coefficient_prediction,8,40,0.065222075
validation_selected_rank,6,pchip,coefficient_prediction,9,40,0.07341777499999999
validation_selected_rank,6,pchip,coefficient_prediction,10,40,0.049573125
validation_selected_rank,6,pchip,coefficient_prediction,11,40,0.0424977
validation_selected_rank,6,pchip,coefficient_prediction,12,40,0.051030774999999994
validation_selected_rank,6,pchip,coefficient_prediction,13,40,0.0376263
validation_selected_rank,6,pchip,coefficient_prediction,14,40,0.028749025
validation_selected_rank,6,pchip,coefficient_prediction,15,40,0.030679099999999997
validation_selected_rank,6,pchip,coefficient_prediction,16,40,0.036653025
validation_selected_rank,6,pchip,coefficient_prediction,17,40,0.027132325000000002
validation_selected_rank,6,pchip,coefficient_prediction,18,40,0.028482025
validation_selected_rank,6,pchip,coefficient_prediction,19,40,0.029683975
validation_selected_rank,6,pchip,coefficient_prediction,20,40,0.029597475
validation_selected_rank,6,pchip,coefficient_prediction,21,40,0.02980355
validation_selected_rank,6,pchip,coefficient_prediction,22,40,0.0310958
validation_selected_rank,6,pchip,coefficient_prediction,23,40,0.029289799999999998
validation_selected_rank,6,pchip,coefficient_prediction,24,40,0.028077675000000003
validation_selected_rank,6,pchip,full_field_prediction,0,40,0.07136215
validation_selected_rank,6,pchip,full_field_prediction,1,40,0.074149825
validation_selected_rank,6,pchip,full_field_prediction,2,40,0.077571375
validation_selected_rank,6,pchip,full_field_prediction,3,40,0.0991524
validation_selected_rank,6,pchip,full_field_prediction,4,40,0.071133475
validation_selected_rank,6,pchip,full_field_prediction,5,40,0.071730375
validation_selected_rank,6,pchip,full_field_prediction,6,40,0.06692582500000001
validation_selected_rank,6,pchip,full_field_prediction,7,40,0.07679122499999999
validation_selected_rank,6,pchip,full_field_prediction,8,40,0.0708154
validation_selected_rank,6,pchip,full_field_prediction,9,40,0.09092265000000001
validation_selected_rank,6,pchip,full_field_prediction,10,40,0.0702193
validation_selected_rank,6,pchip,full_field_prediction,11,40,0.06537205
validation_selected_rank,6,pchip,full_field_prediction,12,40,0.0673144
validation_selected_rank,6,pchip,full_field_prediction,13,40,0.0762791
validation_selected_rank,6,pchip,full_field_prediction,14,40,0.069391375
validation_selected_rank,6,pchip,full_field_prediction,15,40,0.07649475
validation_selected_rank,6,pchip,full_field_prediction,16,40,0.072694975
validation_selected_rank,6,pchip,full_field_prediction,17,40,0.06529435
validation_selected_rank,6,pchip,full_field_prediction,18,40,0.088005025
validation_selected_rank,6,pchip,full_field_prediction,19,40,0.077104725
validation_selected_rank,6,pchip,full_field_prediction,20,40,0.071717325
validation_selected_rank,6,pchip,full_field_prediction,21,40,0.07216025000000001
validation_selected_rank,6,pchip,full_field_prediction,22,40,0.08674705
validation_selected_rank,6,pchip,full_field_prediction,23,40,0.078833075
validation_selected_rank,6,pchip,full_field_prediction,24,40,0.0647691
paper_rank15,15,frozen_nn,coefficient_prediction,0,40,0.088754175
paper_rank15,15,frozen_nn,coefficient_prediction,1,40,0.10659145
paper_rank15,15,frozen_nn,coefficient_prediction,2,40,0.100064075
paper_rank15,15,frozen_nn,coefficient_prediction,3,40,0.15024105000000001
paper_rank15,15,frozen_nn,coefficient_prediction,4,40,0.10615285
paper_rank15,15,frozen_nn,coefficient_prediction,5,40,0.101129775
paper_rank15,15,frozen_nn,coefficient_prediction,6,40,0.13589642500000002
paper_rank15,15,frozen_nn,coefficient_prediction,7,40,0.10694967500000001
paper_rank15,15,frozen_nn,coefficient_prediction,8,40,0.11799789999999999
paper_rank15,15,frozen_nn,coefficient_prediction,9,40,0.123328725
paper_rank15,15,frozen_nn,coefficient_prediction,10,40,0.10685195
paper_rank15,15,frozen_nn,coefficient_prediction,11,40,0.11213482500000001
paper_rank15,15,frozen_nn,coefficient_prediction,12,40,0.102435275
paper_rank15,15,frozen_nn,coefficient_prediction,13,40,0.102103075
paper_rank15,15,frozen_nn,coefficient_prediction,14,40,0.10357047500000001
paper_rank15,15,frozen_nn,coefficient_prediction,15,40,0.10008192499999999
paper_rank15,15,frozen_nn,coefficient_prediction,16,40,0.1019155
paper_rank15,15,frozen_nn,coefficient_prediction,17,40,0.09427680000000001
paper_rank15,15,frozen_nn,coefficient_prediction,18,40,0.10282097500000001
paper_rank15,15,frozen_nn,coefficient_prediction,19,40,0.10314559999999999
paper_rank15,15,frozen_nn,coefficient_prediction,20,40,0.099639625
paper_rank15,15,frozen_nn,coefficient_prediction,21,40,0.10181575000000001
paper_rank15,15,frozen_nn,coefficient_prediction,22,40,0.10405265
paper_rank15,15,frozen_nn,coefficient_prediction,23,40,0.102334225
paper_rank15,15,frozen_nn,coefficient_prediction,24,40,0.10348779999999999
paper_rank15,15,frozen_nn,full_field_prediction,0,40,0.155870025
paper_rank15,15,frozen_nn,full_field_prediction,1,40,0.16775065
paper_rank15,15,frozen_nn,full_field_prediction,2,40,0.2571396
paper_rank15,15,frozen_nn,full_field_prediction,3,40,0.173784125
paper_rank15,15,frozen_nn,full_field_prediction,4,40,0.18472905
paper_rank15,15,frozen_nn,full_field_prediction,5,40,0.174752875
paper_rank15,15,frozen_nn,full_field_prediction,6,40,0.1618192
paper_rank15,15,frozen_nn,full_field_prediction,7,40,0.2117432
paper_rank15,15,frozen_nn,full_field_prediction,8,40,0.167827325
paper_rank15,15,frozen_nn,full_field_prediction,9,40,0.17134145
paper_rank15,15,frozen_nn,full_field_prediction,10,40,0.165757075
paper_rank15,15,frozen_nn,full_field_prediction,11,40,0.1626746
paper_rank15,15,frozen_nn,full_field_prediction,12,40,0.175231825
paper_rank15,15,frozen_nn,full_field_prediction,13,40,0.182286725
paper_rank15,15,frozen_nn,full_field_prediction,14,40,0.18647385
paper_rank15,15,frozen_nn,full_field_prediction,15,40,0.21669387499999998
paper_rank15,15,frozen_nn,full_field_prediction,16,40,0.16627795
paper_rank15,15,frozen_nn,full_field_prediction,17,40,0.181492225
paper_rank15,15,frozen_nn,full_field_prediction,18,40,0.17314915
paper_rank15,15,frozen_nn,full_field_prediction,19,40,0.187115325
paper_rank15,15,frozen_nn,full_field_prediction,20,40,0.17172965
paper_rank15,15,frozen_nn,full_field_prediction,21,40,0.23697577500000003
paper_rank15,15,frozen_nn,full_field_prediction,22,40,0.17816005
paper_rank15,15,frozen_nn,full_field_prediction,23,40,0.18930885
paper_rank15,15,frozen_nn,full_field_prediction,24,40,0.17070944999999998
paper_rank15,15,piecewise_linear,coefficient_prediction,0,40,0.06667045
paper_rank15,15,piecewise_linear,coefficient_prediction,1,40,0.057158074999999996
paper_rank15,15,piecewise_linear,coefficient_prediction,2,40,0.0631002
paper_rank15,15,piecewise_linear,coefficient_prediction,3,40,0.079739875
paper_rank15,15,piecewise_linear,coefficient_prediction,4,40,0.08041005
paper_rank15,15,piecewise_linear,coefficient_prediction,5,40,0.079820525
paper_rank15,15,piecewise_linear,coefficient_prediction,6,40,0.08558475
paper_rank15,15,piecewise_linear,coefficient_prediction,7,40,0.073228725
paper_rank15,15,piecewise_linear,coefficient_prediction,8,40,0.089466925
paper_rank15,15,piecewise_linear,coefficient_prediction,9,40,0.081970525
paper_rank15,15,piecewise_linear,coefficient_prediction,10,40,0.055370025
paper_rank15,15,piecewise_linear,coefficient_prediction,11,40,0.05984445000000001
paper_rank15,15,piecewise_linear,coefficient_prediction,12,40,0.059996799999999996
paper_rank15,15,piecewise_linear,coefficient_prediction,13,40,0.05443485
paper_rank15,15,piecewise_linear,coefficient_prediction,14,40,0.056690675
paper_rank15,15,piecewise_linear,coefficient_prediction,15,40,0.054922975
paper_rank15,15,piecewise_linear,coefficient_prediction,16,40,0.0623351
paper_rank15,15,piecewise_linear,coefficient_prediction,17,40,0.061608425
paper_rank15,15,piecewise_linear,coefficient_prediction,18,40,0.06007945
paper_rank15,15,piecewise_linear,coefficient_prediction,19,40,0.059128875000000004
paper_rank15,15,piecewise_linear,coefficient_prediction,20,40,0.057457999999999995
paper_rank15,15,piecewise_linear,coefficient_prediction,21,40,0.07085745
paper_rank15,15,piecewise_linear,coefficient_prediction,22,40,0.058321425
paper_rank15,15,piecewise_linear,coefficient_prediction,23,40,0.061435275
paper_rank15,15,piecewise_linear,coefficient_prediction,24,40,0.058616800000000004
paper_rank15,15,piecewise_linear,full_field_prediction,0,40,0.11758165000000001
paper_rank15,15,piecewise_linear,full_field_prediction,1,40,0.11239495
paper_rank15,15,piecewise_linear,full_field_prediction,2,40,0.11840755
paper_rank15,15,piecewise_linear,full_field_prediction,3,40,0.17081342500000002
paper_rank15,15,piecewise_linear,full_field_prediction,4,40,0.11936377499999999
paper_rank15,15,piecewise_linear,full_field_prediction,5,40,0.12077659999999998
paper_rank15,15,piecewise_linear,full_field_prediction,6,40,0.11929702499999999
paper_rank15,15,piecewise_linear,full_field_prediction,7,40,0.117593075
paper_rank15,15,piecewise_linear,full_field_prediction,8,40,0.14301425
paper_rank15,15,piecewise_linear,full_field_prediction,9,40,0.156945125
paper_rank15,15,piecewise_linear,full_field_prediction,10,40,0.12713775
paper_rank15,15,piecewise_linear,full_field_prediction,11,40,0.13190222499999998
paper_rank15,15,piecewise_linear,full_field_prediction,12,40,0.14344625
paper_rank15,15,piecewise_linear,full_field_prediction,13,40,0.12230295
paper_rank15,15,piecewise_linear,full_field_prediction,14,40,0.11988257499999999
paper_rank15,15,piecewise_linear,full_field_prediction,15,40,0.12039910000000001
paper_rank15,15,piecewise_linear,full_field_prediction,16,40,0.11117002499999999
paper_rank15,15,piecewise_linear,full_field_prediction,17,40,0.12202895
paper_rank15,15,piecewise_linear,full_field_prediction,18,40,0.1280694
paper_rank15,15,piecewise_linear,full_field_prediction,19,40,0.12244025
paper_rank15,15,piecewise_linear,full_field_prediction,20,40,0.1182059
paper_rank15,15,piecewise_linear,full_field_prediction,21,40,0.11636555
paper_rank15,15,piecewise_linear,full_field_prediction,22,40,0.118706275
paper_rank15,15,piecewise_linear,full_field_prediction,23,40,0.11726862499999999
paper_rank15,15,piecewise_linear,full_field_prediction,24,40,0.112790575
paper_rank15,15,pchip,coefficient_prediction,0,40,0.028110649999999997
paper_rank15,15,pchip,coefficient_prediction,1,40,0.025148524999999998
paper_rank15,15,pchip,coefficient_prediction,2,40,0.030175875
paper_rank15,15,pchip,coefficient_prediction,3,40,0.031942874999999996
paper_rank15,15,pchip,coefficient_prediction,4,40,0.025749525000000002
paper_rank15,15,pchip,coefficient_prediction,5,40,0.024123075
paper_rank15,15,pchip,coefficient_prediction,6,40,0.0250822
paper_rank15,15,pchip,coefficient_prediction,7,40,0.02199375
paper_rank15,15,pchip,coefficient_prediction,8,40,0.031491025
paper_rank15,15,pchip,coefficient_prediction,9,40,0.028425899999999997
paper_rank15,15,pchip,coefficient_prediction,10,40,0.03152795
paper_rank15,15,pchip,coefficient_prediction,11,40,0.02988615
paper_rank15,15,pchip,coefficient_prediction,12,40,0.024193700000000002
paper_rank15,15,pchip,coefficient_prediction,13,40,0.030374325
paper_rank15,15,pchip,coefficient_prediction,14,40,0.033149575
paper_rank15,15,pchip,coefficient_prediction,15,40,0.03159055
paper_rank15,15,pchip,coefficient_prediction,16,40,0.027691274999999998
paper_rank15,15,pchip,coefficient_prediction,17,40,0.029502475
paper_rank15,15,pchip,coefficient_prediction,18,40,0.033354225
paper_rank15,15,pchip,coefficient_prediction,19,40,0.02863525
paper_rank15,15,pchip,coefficient_prediction,20,40,0.040229925
paper_rank15,15,pchip,coefficient_prediction,21,40,0.028967975
paper_rank15,15,pchip,coefficient_prediction,22,40,0.0296599
paper_rank15,15,pchip,coefficient_prediction,23,40,0.03186055
paper_rank15,15,pchip,coefficient_prediction,24,40,0.0317712
paper_rank15,15,pchip,full_field_prediction,0,40,0.0921174
paper_rank15,15,pchip,full_field_prediction,1,40,0.10236525
paper_rank15,15,pchip,full_field_prediction,2,40,0.091192425
paper_rank15,15,pchip,full_field_prediction,3,40,0.11954605
paper_rank15,15,pchip,full_field_prediction,4,40,0.094267875
paper_rank15,15,pchip,full_field_prediction,5,40,0.104699375
paper_rank15,15,pchip,full_field_prediction,6,40,0.085417325
paper_rank15,15,pchip,full_field_prediction,7,40,0.084983525
paper_rank15,15,pchip,full_field_prediction,8,40,0.08831449999999999
paper_rank15,15,pchip,full_field_prediction,9,40,0.11130052500000001
paper_rank15,15,pchip,full_field_prediction,10,40,0.0960898
paper_rank15,15,pchip,full_field_prediction,11,40,0.1021458
paper_rank15,15,pchip,full_field_prediction,12,40,0.095242975
paper_rank15,15,pchip,full_field_prediction,13,40,0.088450575
paper_rank15,15,pchip,full_field_prediction,14,40,0.09355685
paper_rank15,15,pchip,full_field_prediction,15,40,0.100539775
paper_rank15,15,pchip,full_field_prediction,16,40,0.08643809999999999
paper_rank15,15,pchip,full_field_prediction,17,40,0.08944755
paper_rank15,15,pchip,full_field_prediction,18,40,0.0914189
paper_rank15,15,pchip,full_field_prediction,19,40,0.090574775
paper_rank15,15,pchip,full_field_prediction,20,40,0.10049495
paper_rank15,15,pchip,full_field_prediction,21,40,0.0922099
paper_rank15,15,pchip,full_field_prediction,22,40,0.085679825
paper_rank15,15,pchip,full_field_prediction,23,40,0.08631665
paper_rank15,15,pchip,full_field_prediction,24,40,0.094976875
