model,rank,case_set,case_identifier,evaluation_role,uncertainty_source,duration_scaling,size_ratio,source_simulation,truth_field_norm,projection_error_absolute,coefficient_error_absolute,coefficient_field_error_absolute,rom_error_absolute,projection_error_percent,coefficient_error_percent,rom_error_percent,pythagorean_residual,coefficient_field_equivalence_residual,field_uncertainty_absolute,field_uncertainty_percent,modal_uncertainty_norm_absolute,modal_uncertainty_norm_percent,rom_to_field_uncertainty_ratio,coefficient_to_modal_uncertainty_ratio,field_ratio_stable,modal_vector_ratio_stable,uncertainty_rule_frozen_before_evaluation,external_test_used_for_selection
validation_selected_rank,6,numbered,numbered_simulation_1,fitting,observed_numbered_windows,empirical_primary,1.0,1,12.534418235102383,0.07676428837256208,0.10750844042509501,0.10750844042509497,0.1321015546160694,0.6124280116773609,0.8577058656302039,1.0539105376755475,1.870248747537495e-18,4.163336342344337e-17,0.1445121491044985,1.152922667761278,0.049035828565945114,0.3912094494231992,0.9141207534083875,2.192446698040676,True,True,True,False
validation_selected_rank,6,numbered,numbered_simulation_1,fitting,observed_numbered_windows,inverse_sqrt_sensitivity,1.0,1,12.534418235102383,0.07676428837256208,0.10750844042509501,0.10750844042509497,0.1321015546160694,0.6124280116773609,0.8577058656302039,1.0539105376755475,1.870248747537495e-18,4.163336342344337e-17,0.13211841645049532,1.0540450619439232,0.04483039010641191,0.3576583233904332,0.9998723733232736,2.3981152109073105,True,True,True,False
validation_selected_rank,6,numbered,numbered_simulation_11,fitting,observed_numbered_windows,empirical_primary,1.10101,11,12.762901664468703,0.08242085394782526,0.04304003474975785,0.04304003474975782,0.0929819431758063,0.6457846038043286,0.3372276609290128,0.7285329435285355,1.4484263398048536e-18,2.7755575615628914e-17,0.1436835084809138,1.1257902964254727,0.052543490231378824,0.4116892193697405,0.6471302389456725,0.819131629060577,True,True,True,False
validation_selected_rank,6,numbered,numbered_simulation_11,fitting,observed_numbered_windows,inverse_sqrt_sensitivity,1.10101,11,12.762901664468703,0.08242085394782526,0.04304003474975785,0.04304003474975782,0.0929819431758063,0.6457846038043286,0.3372276609290128,0.7285329435285355,1.4484263398048536e-18,2.7755575615628914e-17,0.13136084217267183,1.029239632382141,0.04803722570849059,0.3763816957253842,0.7078360768544932,0.895972532030519,True,True,True,False
validation_selected_rank,6,numbered,numbered_simulation_21,fitting,observed_numbered_windows,empirical_primary,1.20202,21,13.19016377484132,0.0784072978397683,0.1171719980835085,0.11717199808350846,0.14098574924231247,0.5944376368496724,0.888328606707676,1.0688703464867217,2.0464316005663896e-18,4.163336342344337e-17,0.1396619024637195,1.058833725249933,0.05506181183810055,0.4174460058117281,1.009478939891549,2.128008399506211,True,True,True,False
validation_selected_rank,6,numbered,numbered_simulation_21,fitting,observed_numbered_windows,inverse_sqrt_sensitivity,1.20202,21,13.19016377484132,0.0784072978397683,0.1171719980835085,0.11717199808350846,0.14098574924231247,0.5944376368496724,0.888328606707676,1.0688703464867217,2.0464316005663896e-18,4.163336342344337e-17,0.12768413940496692,0.9680254285281078,0.050339569593450394,0.38164476539303616,1.1041758976434635,2.327632099952511,True,True,True,False
validation_selected_rank,6,numbered,numbered_simulation_31,fitting,observed_numbered_windows,empirical_primary,1.30303,31,13.76195028743179,0.09065442958930703,0.10777558202934054,0.10777558202934058,0.14083253063807635,0.6587324303307353,0.7831417769890322,1.0233471833326764,5.3939058081153846e-18,4.163336342344337e-17,0.13966988065197172,1.0148988895819975,0.06563557468898791,0.47693512415119044,1.0083242713509701,1.642029989682146,True,True,True,False
validation_selected_rank,6,numbered,numbered_simulation_31,fitting,observed_numbered_windows,inverse_sqrt_sensitivity,1.30303,31,13.76195028743179,0.09065442958930703,0.10777558202934054,0.10777558202934058,0.14083253063807635,0.6587324303307353,0.7831417769890322,1.0233471833326764,5.3939058081153846e-18,4.163336342344337e-17,0.12769143336332656,0.9278585570821439,0.060006499415192455,0.4360319443240096,1.1029129122339696,1.7960651442709203,True,True,True,False
validation_selected_rank,6,numbered,numbered_simulation_41,internal_validation,observed_numbered_windows,empirical_primary,1.40404,41,14.169638877135696,0.08698989207959697,0.11919812991264443,0.1191981299126444,0.1475650212573782,0.6139174952437562,0.8412220730973179,1.0414169516732776,5.502326025363935e-18,2.7755575615628914e-17,0.13168500515165177,0.929346233122005,0.05159374023972983,0.3641147151815007,1.1205909213994303,2.3103215498390197,True,True,True,False
validation_selected_rank,6,numbered,numbered_simulation_41,internal_validation,observed_numbered_windows,inverse_sqrt_sensitivity,1.40404,41,14.169638877135696,0.08698989207959697,0.11919812991264443,0.1191981299126444,0.1475650212573782,0.6139174952437562,0.8412220730973179,1.0414169516732776,5.502326025363935e-18,2.7755575615628914e-17,0.12039136127116092,0.8496431159260233,0.047168928712714824,0.33288730306900893,1.2257110452054218,2.5270476384703957,True,True,True,False
validation_selected_rank,6,numbered,numbered_simulation_51,fitting,observed_numbered_windows,empirical_primary,1.505051,51,14.437176438141057,0.09825692594987868,0.10862443724567242,0.10862443724567243,0.1464707884325724,0.6805827051493064,0.7523939165743062,1.01453902056372,2.0396553369883552e-18,1.3877787807814457e-17,0.11777831144999726,0.8157987952467144,0.043484184850484116,0.3011959093026308,1.2436142667468666,2.498021697294461,True,True,True,False
validation_selected_rank,6,numbered,numbered_simulation_51,fitting,observed_numbered_windows,inverse_sqrt_sensitivity,1.505051,51,14.437176438141057,0.09825692594987868,0.10862443724567242,0.10862443724567243,0.1464707884325724,0.6805827051493064,0.7523939165743062,1.01453902056372,2.0396553369883552e-18,1.3877787807814457e-17,0.10767734129906793,0.7458337976295631,0.03975486959876471,0.27536457540089176,1.3602749349629446,2.732355516242158,True,True,True,False
validation_selected_rank,6,numbered,numbered_simulation_61,fitting,observed_numbered_windows,empirical_primary,1.606061,61,14.728207176255644,0.06096256796325899,0.08276069640574724,0.08276069640574721,0.10278991955556224,0.4139170995743524,0.5619196920258662,0.6979119612146476,1.2807138162485021e-18,2.7755575615628914e-17,0.11963944204844427,0.8123150402265067,0.0491895853167955,0.33398216584091384,0.8591641501800105,1.6824841248964355,True,True,True,False
validation_selected_rank,6,numbered,numbered_simulation_61,fitting,observed_numbered_windows,inverse_sqrt_sensitivity,1.606061,61,14.728207176255644,0.06096256796325899,0.08276069640574724,0.08276069640574721,0.10278991955556224,0.4139170995743524,0.5619196920258662,0.6979119612146476,1.2807138162485021e-18,2.7755575615628914e-17,0.10937885656265021,0.7426488183774831,0.04497096028384548,0.30533899846511026,0.9397604142687855,1.8403141912777128,True,True,True,False
validation_selected_rank,6,numbered,numbered_simulation_71,fitting,observed_numbered_windows,empirical_primary,1.707071,71,14.947414820003644,0.058406901109474225,0.07260196123889502,0.072601961238895,0.09317945520846221,0.3907491818003883,0.4857158385792181,0.623381744137877,4.438452643612534e-19,2.7755575615628914e-17,0.12327891588742283,0.82475075036014,0.04395568660276369,0.2940688214790106,0.7558425910684746,1.651708046219672,True,True,True,False
validation_selected_rank,6,numbered,numbered_simulation_71,fitting,observed_numbered_windows,inverse_sqrt_sensitivity,1.707071,71,14.947414820003644,0.058406901109474225,0.07260196123889502,0.072601961238895,0.09317945520846221,0.3907491818003883,0.4857158385792181,0.623381744137877,4.438452643612534e-19,2.7755575615628914e-17,0.1127061997881056,0.7540180101061658,0.040185934151128165,0.2688487249136126,0.8267464911747993,1.8066510776098712,True,True,True,False
validation_selected_rank,6,numbered,numbered_simulation_81,fitting,observed_numbered_windows,empirical_primary,1.808081,81,15.127707855158455,0.0830940942220646,0.10003984202444062,0.10003984202444063,0.13004844669145563,0.5492841018458062,0.661302049076309,0.8596705326187927,2.710505431213761e-20,1.3877787807814457e-17,0.11539711170018911,0.7628195415000655,0.04239244672335713,0.2802304693430576,1.126964486159167,2.359850628044106,True,True,True,False
validation_selected_rank,6,numbered,numbered_simulation_81,fitting,observed_numbered_windows,inverse_sqrt_sensitivity,1.808081,81,15.127707855158455,0.0830940942220646,0.10003984202444062,0.10003984202444063,0.13004844669145563,0.5492841018458062,0.661302049076309,0.8596705326187927,2.710505431213761e-20,1.3877787807814457e-17,0.10550035934878584,0.6973981806028258,0.03875676173428097,0.2561971853592159,1.2326824997961707,2.5812229285387844,True,True,True,False
validation_selected_rank,6,numbered,numbered_simulation_91,fitting,observed_numbered_windows,empirical_primary,1.909091,91,15.179102126120826,0.05501781951701544,0.06661954638483776,0.0666195463848377,0.086400951527912,0.3624576675213121,0.43888990159830393,0.5692098966725421,7.115076756936123e-19,5.551115123125783e-17,0.1258262130642941,0.8289437149761787,0.05265874097183616,0.3469160463794418,0.686668933473848,1.26511848090839,True,True,True,False
validation_selected_rank,6,numbered,numbered_simulation_91,fitting,observed_numbered_windows,inverse_sqrt_sensitivity,1.909091,91,15.179102126120826,0.05501781951701544,0.06661954638483776,0.0666195463848377,0.086400951527912,0.3624576675213121,0.43888990159830393,0.5692098966725421,7.115076756936123e-19,5.551115123125783e-17,0.11503503422398191,0.7578513753196566,0.048142592249769835,0.31716363622670457,0.751083807735327,1.3837964112777135,True,True,True,False
paper_rank15,15,numbered,numbered_simulation_1,fitting,observed_numbered_windows,empirical_primary,1.0,1,12.534418235102383,0.046047586990701384,0.12985778242849147,0.1298577824284914,0.13778034665695982,0.3673691600759424,1.0360096495330544,1.099216126928881,2.425902360936316e-18,8.326672684688674e-17,0.1445121491044985,1.152922667761278,0.08037276431614836,0.6412165511684145,0.9534170483986725,1.6156938676103327,True,True,True,False
paper_rank15,15,numbered,numbered_simulation_1,fitting,observed_numbered_windows,inverse_sqrt_sensitivity,1.0,1,12.534418235102383,0.046047586990701384,0.12985778242849147,0.1298577824284914,0.13778034665695982,0.3673691600759424,1.0360096495330544,1.099216126928881,2.425902360936316e-18,8.326672684688674e-17,0.13211841645049532,1.0540450619439232,0.07347978985157762,0.5862241746952321,1.0428549657086301,1.7672584895900245,True,True,True,False
paper_rank15,15,numbered,numbered_simulation_11,fitting,observed_numbered_windows,empirical_primary,1.10101,11,12.762901664468703,0.045071118130238605,0.07889987857212051,0.07889987857212052,0.09086581605975612,0.35314162339520644,0.618197026400148,0.7119526456332584,8.944667923005412e-19,1.3877787807814457e-17,0.1436835084809138,1.1257902964254727,0.08593995388484722,0.6733574867547548,0.6324025423685021,0.9180814627599189,True,True,True,False
paper_rank15,15,numbered,numbered_simulation_11,fitting,observed_numbered_windows,inverse_sqrt_sensitivity,1.10101,11,12.762901664468703,0.045071118130238605,0.07889987857212051,0.07889987857212052,0.09086581605975612,0.35314162339520644,0.618197026400148,0.7119526456332584,8.944667923005412e-19,1.3877787807814457e-17,0.13136084217267183,1.029239632382141,0.07856952296020601,0.615608621187921,0.6917268080568058,1.0042046279456451,True,True,True,False
paper_rank15,15,numbered,numbered_simulation_21,fitting,observed_numbered_windows,empirical_primary,1.20202,21,13.19016377484132,0.043310881504222756,0.12508954082095997,0.1250895408209599,0.13237532126295926,0.32835742029854964,0.9483547206559596,1.0035911875139076,1.3552527156068805e-18,5.551115123125783e-17,0.1396619024637195,1.058833725249933,0.08349500837652073,0.6330096411371146,0.9478269945330788,1.4981678935448297,True,True,True,False
paper_rank15,15,numbered,numbered_simulation_21,fitting,observed_numbered_windows,inverse_sqrt_sensitivity,1.20202,21,13.19016377484132,0.043310881504222756,0.12508954082095997,0.1250895408209599,0.13237532126295926,0.32835742029854964,0.9483547206559596,1.0035911875139076,1.3552527156068805e-18,5.551115123125783e-17,0.12768413940496692,0.9680254285281078,0.07633426225119624,0.5787211103230943,1.0367405214136554,1.6387076671982859,True,True,True,False
paper_rank15,15,numbered,numbered_simulation_31,fitting,observed_numbered_windows,empirical_primary,1.30303,31,13.76195028743179,0.04515135479133859,0.12262637322546506,0.12262637322546507,0.13067468098267299,0.32808834393605846,0.891053743577715,0.9495360632279909,5.4616684438957286e-18,1.3877787807814457e-17,0.13966988065197172,1.0148988895819975,0.08720763872584936,0.6336866280173417,0.9355967111355031,1.406142569815013,True,True,True,False
paper_rank15,15,numbered,numbered_simulation_31,fitting,observed_numbered_windows,inverse_sqrt_sensitivity,1.30303,31,13.76195028743179,0.04515135479133859,0.12262637322546506,0.12262637322546507,0.13067468098267299,0.32808834393605846,0.891053743577715,0.9495360632279909,5.4616684438957286e-18,1.3877787807814457e-17,0.12769143336332656,0.9278585570821439,0.0797284878969906,0.5793400370716588,1.023362942530828,1.5380496540195099,True,True,True,False
paper_rank15,15,numbered,numbered_simulation_41,internal_validation,observed_numbered_windows,empirical_primary,1.40404,41,14.169638877135696,0.04409437314565786,0.14327616602401907,0.1432761660240191,0.1499078833605801,0.31118911023772866,1.011149029741409,1.0579513328492325,7.49454751730605e-18,2.7755575615628914e-17,0.13168500515165177,0.929346233122005,0.07689934922539488,0.5427050745060314,1.1383823328095892,1.863164870278307,True,True,True,False
paper_rank15,15,numbered,numbered_simulation_41,internal_validation,observed_numbered_windows,inverse_sqrt_sensitivity,1.40404,41,14.169638877135696,0.04409437314565786,0.14327616602401907,0.1432761660240191,0.1499078833605801,0.31118911023772866,1.011149029741409,1.0579513328492325,7.49454751730605e-18,2.7755575615628914e-17,0.12039136127116092,0.8496431159260233,0.0703042637500748,0.49616129500321016,1.245171429060747,2.0379441925933923,True,True,True,False
paper_rank15,15,numbered,numbered_simulation_51,fitting,observed_numbered_windows,empirical_primary,1.505051,51,14.437176438141057,0.0411725143163657,0.1255808627192734,0.12558086271927338,0.1321579699316263,0.2851839796568082,0.8698436516125538,0.9154003935456722,1.463672932855431e-18,2.7755575615628914e-17,0.11777831144999726,0.8157987952467144,0.07491080538962426,0.5188743499159579,1.1220908867226707,1.676405187023491,True,True,True,False
paper_rank15,15,numbered,numbered_simulation_51,fitting,observed_numbered_windows,inverse_sqrt_sensitivity,1.505051,51,14.437176438141057,0.0411725143163657,0.1255808627192734,0.12558086271927338,0.1321579699316263,0.2851839796568082,0.8698436516125538,0.9154003935456722,1.463672932855431e-18,2.7755575615628914e-17,0.10767734129906793,0.7458337976295631,0.06848626253528121,0.4743743544918508,1.2273517189151686,1.8336650018619352,True,True,True,False
paper_rank15,15,numbered,numbered_simulation_61,fitting,observed_numbered_windows,empirical_primary,1.606061,61,14.728207176255644,0.042290767742816086,0.09592561925814531,0.09592561925814529,0.1048343143552494,0.2871413148709365,0.6513054719436158,0.7117927735580744,1.0299920638612292e-18,2.7755575615628914e-17,0.11963944204844427,0.8123150402265067,0.078664284627166,0.5341063150848808,0.8762521168629323,1.219430389697058,True,True,True,False
paper_rank15,15,numbered,numbered_simulation_61,fitting,observed_numbered_windows,inverse_sqrt_sensitivity,1.606061,61,14.728207176255644,0.042290767742816086,0.09592561925814531,0.09592561925814529,0.1048343143552494,0.2871413148709365,0.6513054719436158,0.7117927735580744,1.0299920638612292e-18,2.7755575615628914e-17,0.10937885656265021,0.7426488183774831,0.07191783376383747,0.4882999872501872,0.9584513648229831,1.3338224225877575,True,True,True,False
paper_rank15,15,numbered,numbered_simulation_71,fitting,observed_numbered_windows,empirical_primary,1.707071,71,14.947414820003644,0.04307730811200908,0.0743907699096341,0.07439076990963407,0.08596302182872093,0.288192363902018,0.49768318338285045,0.5751029382932451,2.879912020664621e-19,2.7755575615628914e-17,0.12327891588742283,0.82475075036014,0.0742999123447631,0.49707533536387793,0.6973051410285078,1.001222848883716,True,True,True,False
paper_rank15,15,numbered,numbered_simulation_71,fitting,observed_numbered_windows,inverse_sqrt_sensitivity,1.707071,71,14.947414820003644,0.04307730811200908,0.0743907699096341,0.07439076990963407,0.08596302182872093,0.288192363902018,0.49768318338285045,0.5751029382932451,2.879912020664621e-19,2.7755575615628914e-17,0.1127061997881056,0.7540180101061658,0.0679277612451972,0.4544448793532622,0.762717774091723,1.0951453212348268,True,True,True,False
paper_rank15,15,numbered,numbered_simulation_81,fitting,observed_numbered_windows,empirical_primary,1.808081,81,15.127707855158455,0.033569742608114864,0.12421839273031664,0.12421839273031667,0.12867453792914246,0.22190898270598075,0.8211316209941146,0.8505884643010556,2.710505431213761e-19,2.7755575615628914e-17,0.11539711170018911,0.7628195415000655,0.07197748050538585,0.47579898550752336,1.1150585663135935,1.7257952328717834,True,True,True,False
paper_rank15,15,numbered,numbered_simulation_81,fitting,observed_numbered_windows,inverse_sqrt_sensitivity,1.808081,81,15.127707855158455,0.033569742608114864,0.12421839273031664,0.12421839273031667,0.12867453792914246,0.22190898270598075,0.8211316209941146,0.8505884643010556,2.710505431213761e-19,2.7755575615628914e-17,0.10550035934878584,0.6973981806028258,0.06580450711857799,0.43499324384519406,1.2196597122834665,1.8876882172596225,True,True,True,False
paper_rank15,15,numbered,numbered_simulation_91,fitting,observed_numbered_windows,empirical_primary,1.909091,91,15.179102126120826,0.040117634241605575,0.07752891015783574,0.07752891015783568,0.08729350770478576,0.2642951731154736,0.5107608441768159,0.5750900611872654,2.083701050245579e-18,5.551115123125783e-17,0.1258262130642941,0.8289437149761787,0.07750056041952443,0.5105740759603841,0.6937624965330629,1.0003658004298015,True,True,True,False
paper_rank15,15,numbered,numbered_simulation_91,fitting,observed_numbered_windows,inverse_sqrt_sensitivity,1.909091,91,15.179102126120826,0.040117634241605575,0.07752891015783574,0.07752891015783568,0.08729350770478576,0.2642951731154736,0.5107608441768159,0.5750900611872654,2.083701050245579e-18,5.551115123125783e-17,0.11503503422398191,0.7578513753196566,0.07085391352978479,0.4667859333251105,0.7588428020529703,1.0942078749855502,True,True,True,False
validation_selected_rank,6,external,external_simulation_8,external,interpolated_external,empirical_primary,1.0625,8,12.653523937964877,0.09114115550944032,0.14125070266324297,0.1412507026632429,0.16810256164156467,0.7202827920211685,1.11629537633736,1.3285039208500629,1.2197274440461925e-18,5.551115123125783e-17,0.14399942720593356,1.1380183726834094,0.05043578280201893,0.3985908040264927,1.16738354383286,2.8006049438691125,True,True,True,False
validation_selected_rank,6,external,external_simulation_8,external,interpolated_external,inverse_sqrt_sensitivity,1.0625,8,12.653523937964877,0.09114115550944032,0.14125070266324297,0.1412507026632429,0.16810256164156467,0.7202827920211685,1.11629537633736,1.3285039208500629,1.2197274440461925e-18,5.551115123125783e-17,0.13164966689734248,1.0404189974489928,0.046110280675608885,0.3644066340860379,1.2768931787168696,3.0633234192816534,True,True,True,False
validation_selected_rank,6,external,external_simulation_4,external,interpolated_external,empirical_primary,1.125,4,12.88270008203906,0.0940192200325822,0.1341380593028869,0.13413805930288686,0.16380669305337484,0.729809895703952,1.041226283688005,1.2715245407424536,1.5978429517005122e-17,2.7755575615628914e-17,0.14272837207508773,1.1079072800435548,0.05236200669365169,0.40645211299030637,1.1476813661631202,2.561744053998405,True,True,True,False
validation_selected_rank,6,external,external_simulation_4,external,interpolated_external,inverse_sqrt_sensitivity,1.125,4,12.88270008203906,0.0940192200325822,0.1341380593028869,0.13413805930288686,0.16380669305337484,0.729809895703952,1.041226283688005,1.2715245407424536,1.5978429517005122e-17,2.7755575615628914e-17,0.1304876207154177,1.0128903093641242,0.04787130666455606,0.3715937370248787,1.2553427838999622,2.8020555244672853,True,True,True,False
validation_selected_rank,6,external,external_simulation_2,external,interpolated_external,empirical_primary,1.25,2,13.40510556470158,0.07535309856463333,0.11299398553858724,0.11299398553858724,0.13581505892641701,0.5621223809162208,0.842917536107465,1.013159189764579,1.7889335846010823e-18,0.0,0.13966569212288535,1.0418843137696285,0.059385697530519733,0.44300805572836793,0.9724296415394531,1.9027137886275887,True,True,True,False
validation_selected_rank,6,external,external_simulation_2,external,interpolated_external,inverse_sqrt_sensitivity,1.25,2,13.40510556470158,0.07535309856463333,0.11299398553858724,0.11299398553858724,0.13581505892641701,0.5621223809162208,0.842917536107465,1.013159189764579,1.7889335846010823e-18,0.0,0.1276876040532403,0.9525296420601731,0.05429262775593255,0.40501454832922973,1.0636510876168364,2.081203106369085,True,True,True,False
validation_selected_rank,6,external,external_simulation_10,external,interpolated_external,empirical_primary,1.3125,10,13.789162595949454,0.0727405438317286,0.07663532199253184,0.07663532199253187,0.105660585337366,0.5275196613686752,0.5557648730245834,0.7662581726928337,7.386127300057499e-19,2.7755575615628914e-17,0.13892127387058345,1.00746708078844,0.06414435729511572,0.4651794976582409,0.7605788688332752,1.1947320890588649,True,True,True,False
validation_selected_rank,6,external,external_simulation_10,external,interpolated_external,inverse_sqrt_sensitivity,1.3125,10,13.789162595949454,0.0727405438317286,0.07663532199253184,0.07663532199253187,0.105660585337366,0.5275196613686752,0.5557648730245834,0.7662581726928337,7.386127300057499e-19,2.7755575615628914e-17,0.12700702902006542,0.921064119277073,0.05864317265074608,0.425284510518227,0.8319270685457341,1.3068072296998559,True,True,True,False
validation_selected_rank,6,external,external_simulation_6,external,interpolated_external,empirical_primary,1.375,6,13.992508553246099,0.0613955045570976,0.10387951646816232,0.10387951646816232,0.12066632472019566,0.4387741077553572,0.7423938036047403,0.8623637731649089,5.149960319306146e-19,0.0,0.1339806272141138,0.9575168505652395,0.05514211299015606,0.39408311083264436,0.9006251667068208,1.8838508507410086,True,True,True,False
validation_selected_rank,6,external,external_simulation_6,external,interpolated_external,inverse_sqrt_sensitivity,1.375,6,13.992508553246099,0.0613955045570976,0.10387951646816232,0.10387951646816232,0.12066632472019566,0.4387741077553572,0.7423938036047403,0.8623637731649089,5.149960319306146e-19,0.0,0.12249010489611378,0.8753977489454349,0.05041298391269253,0.36028553222500836,0.9851107958682466,2.060570678539194,True,True,True,False
validation_selected_rank,6,external,external_simulation_1,external,interpolated_external,empirical_primary,1.5,1,14.433726838114836,0.07568252757145638,0.13905929303285952,0.13905929303285947,0.15832034600266445,0.5243450178896495,0.9634330384142272,1.09687780417592,2.100641709190665e-18,5.551115123125783e-17,0.11847370808884902,0.820811626945842,0.04381936895805341,0.3035901222845685,1.3363331709338628,3.1734663537938124,True,True,True,False
validation_selected_rank,6,external,external_simulation_1,external,interpolated_external,inverse_sqrt_sensitivity,1.5,1,14.433726838114836,0.07568252757145638,0.13905929303285952,0.13905929303285947,0.15832034600266445,0.5243450178896495,0.9634330384142272,1.09687780417592,2.100641709190665e-18,5.551115123125783e-17,0.10831309893812745,0.7504167160217231,0.04006130745735198,0.2775534545351304,1.4616915918277165,3.4711621227264664,True,True,True,False
validation_selected_rank,6,external,external_simulation_9,external,interpolated_external,empirical_primary,1.5625,9,14.61333144880617,0.06748118176351084,0.05161208902528091,0.05161208902528091,0.08495597463247966,0.46177821942869635,0.3531849613217206,0.5813593904312634,4.7620192294636765e-18,0.0,0.11883682141683403,0.8132082806247604,0.046296367385989516,0.3168091242450514,0.7148960534251135,1.1148194110991971,True,True,True,False
validation_selected_rank,6,external,external_simulation_9,external,interpolated_external,inverse_sqrt_sensitivity,1.5625,9,14.61333144880617,0.06748118176351084,0.05161208902528091,0.05161208902528091,0.08495597463247966,0.46177821942869635,0.3531849613217206,0.5813593904312634,4.7620192294636765e-18,0.0,0.108645070735535,0.743465452187569,0.042325872145353695,0.28963876097405217,0.7819588505702242,1.219398122454202,True,True,True,False
validation_selected_rank,6,external,external_simulation_5,external,interpolated_external,empirical_primary,1.625,5,14.753224726665227,0.07036753453914169,0.06917624154584798,0.06917624154584796,0.09867594596215762,0.4769637543171034,0.46888895700760036,0.6688432379384085,6.979551485375435e-19,1.3877787807814457e-17,0.12032182988169261,0.8155629166565931,0.0481813085805373,0.32658154046453036,0.8201001103389262,1.4357485004836819,True,True,True,False
validation_selected_rank,6,external,external_simulation_5,external,interpolated_external,inverse_sqrt_sensitivity,1.625,5,14.753224726665227,0.07036753453914169,0.06917624154584798,0.06917624154584796,0.09867594596215762,0.4769637543171034,0.46888895700760036,0.6688432379384085,6.979551485375435e-19,1.3877787807814457e-17,0.11000272106464902,0.7456181485924785,0.044049155947228906,0.29857306970735503,0.8970318643678404,1.5704328507161736,True,True,True,False
validation_selected_rank,6,external,external_simulation_3,external,interpolated_external,empirical_primary,1.75,3,15.005398606925535,0.06644917312701691,0.03585020664136334,0.03585020664136333,0.07550317824762637,0.4428351080013843,0.23891539025705835,0.5031734259480379,5.404070203482436e-19,6.938893903907228e-18,0.11992916861533337,0.7992401385457478,0.04272141329017369,0.28470695387229644,0.629564759927578,0.8391624686632081,True,True,True,False
validation_selected_rank,6,external,external_simulation_3,external,interpolated_external,inverse_sqrt_sensitivity,1.75,3,15.005398606925535,0.06644917312701691,0.03585020664136334,0.03585020664136333,0.07550317824762637,0.4428351080013843,0.23891539025705835,0.5031734259480379,5.404070203482436e-19,6.938893903907228e-18,0.10964373543586763,0.7306952538086064,0.039057515284361605,0.2602897550907788,0.6886228196027614,0.91788241981992,True,True,True,False
validation_selected_rank,6,external,external_simulation_7,external,interpolated_external,empirical_primary,1.875,7,15.146719417145961,0.06797508243084202,0.02842612659752985,0.028426126597529834,0.07367941710422585,0.44877759043912036,0.18767183714614608,0.4864381195364414,3.189079046412441e-19,1.734723475976807e-17,0.12230637844788281,0.8074776793543359,0.04906906550871499,0.32395837116497456,0.6024167998369939,0.5793084971728508,True,True,True,False
validation_selected_rank,6,external,external_simulation_7,external,interpolated_external,inverse_sqrt_sensitivity,1.875,7,15.146719417145961,0.06797508243084202,0.02842612659752985,0.028426126597529834,0.07367941710422585,0.44877759043912036,0.18767183714614608,0.4864381195364414,3.189079046412441e-19,1.734723475976807e-17,0.11181706965443126,0.7382263219839886,0.04486077656370026,0.29617487013668603,0.6589281701973663,0.6336521294312872,True,True,True,False
paper_rank15,15,external,external_simulation_8,external,interpolated_external,empirical_primary,1.0625,8,12.653523937964877,0.06295378331116498,0.17231949286136677,0.17231949286136664,0.1834589503218312,0.4975197709333936,1.3618300617770964,1.449864490091902,2.439454888092385e-18,1.3877787807814457e-16,0.14399942720593356,1.1380183726834094,0.08305124126226639,0.6563487109949222,1.2740255560840987,2.0748575246118404,True,True,True,False
paper_rank15,15,external,external_simulation_8,external,interpolated_external,inverse_sqrt_sensitivity,1.0625,8,12.653523937964877,0.06295378331116498,0.17231949286136677,0.17231949286136664,0.1834589503218312,0.4975197709333936,1.3618300617770964,1.449864490091902,2.439454888092385e-18,1.3877787807814457e-16,0.13164966689734248,1.0404189974489928,0.0759285537431476,0.6000585616733699,1.3935390392205738,2.269495260561555,True,True,True,False
paper_rank15,15,external,external_simulation_4,external,interpolated_external,empirical_primary,1.125,4,12.88270008203906,0.0636992961061472,0.1380655477905048,0.13806554779050484,0.15205162219165178,0.4944560977163178,1.071712815724046,1.1802775910590415,1.2197274440461925e-17,2.7755575615628914e-17,0.14272837207508773,1.1079072800435548,0.0844080185072943,0.6552044056740495,1.065321631438907,1.6356923220342339,True,True,True,False
paper_rank15,15,external,external_simulation_4,external,interpolated_external,inverse_sqrt_sensitivity,1.125,4,12.88270008203906,0.0636992961061472,0.1380655477905048,0.13806554779050484,0.15205162219165178,0.4944560977163178,1.071712815724046,1.1802775910590415,1.2197274440461925e-17,2.7755575615628914e-17,0.1304876207154177,1.0128903093641242,0.07716897029082159,0.5990123949125374,1.1652570669769764,1.7891329542196341,True,True,True,False
paper_rank15,15,external,external_simulation_2,external,interpolated_external,empirical_primary,1.25,2,13.40510556470158,0.054496497500184024,0.11318070432749751,0.11318070432749755,0.1256174353816234,0.4065353848736902,0.8443104291959158,0.9370865061473302,1.951563910473908e-18,4.163336342344337e-17,0.13966569212288535,1.0418843137696285,0.08381639279771523,0.6252572379468697,0.8994151210098071,1.350340912435243,True,True,True,False
paper_rank15,15,external,external_simulation_2,external,interpolated_external,inverse_sqrt_sensitivity,1.25,2,13.40510556470158,0.054496497500184024,0.11318070432749751,0.11318070432749755,0.1256174353816234,0.4065353848736902,0.8443104291959158,0.9370865061473302,1.951563910473908e-18,4.163336342344337e-17,0.1276876040532403,0.9525296420601731,0.07662808391991541,0.5716335731192824,0.9837872384953379,1.4770133681769144,True,True,True,False
paper_rank15,15,external,external_simulation_10,external,interpolated_external,empirical_primary,1.3125,10,13.789162595949454,0.05875512660344556,0.0784160553732494,0.07841605537324942,0.09798593083952171,0.4260964086441681,0.5686788797188018,0.7106010256801594,5.21772295508649e-19,1.3877787807814457e-17,0.13892127387058345,1.00746708078844,0.08597654339869239,0.6235080832533505,0.7053342379425892,0.9120633637202263,True,True,True,False
paper_rank15,15,external,external_simulation_10,external,interpolated_external,inverse_sqrt_sensitivity,1.3125,10,13.789162595949454,0.05875512660344556,0.0784160553732494,0.07841605537324942,0.09798593083952171,0.4260964086441681,0.5686788797188018,0.7106010256801594,5.21772295508649e-19,1.3877787807814457e-17,0.12700702902006542,0.921064119277073,0.07860297446347318,0.5700344304197463,0.7715000625992223,0.9976219845177661,True,True,True,False
paper_rank15,15,external,external_simulation_6,external,interpolated_external,empirical_primary,1.375,6,13.992508553246099,0.04622753907156138,0.13035262821935278,0.13035262821935278,0.13830687998904925,0.3303734916126754,0.9315886977900935,0.9884352006128571,1.3688052427629493e-18,0.0,0.1339806272141138,0.9575168505652395,0.07917196797908957,0.5658168274674565,1.0322901367525448,1.6464492616096236,True,True,True,False
paper_rank15,15,external,external_simulation_6,external,interpolated_external,inverse_sqrt_sensitivity,1.375,6,13.992508553246099,0.04622753907156138,0.13035262821935278,0.13035262821935278,0.13830687998904925,0.3303734916126754,0.9315886977900935,0.9884352006128571,1.3688052427629493e-18,0.0,0.12249010489611378,0.8753977489454349,0.07238197688903532,0.5172909247373199,1.1291269617766266,1.8008989781971412,True,True,True,False
paper_rank15,15,external,external_simulation_1,external,interpolated_external,empirical_primary,1.5,1,14.433726838114836,0.04191380417674614,0.15189658418065696,0.15189658418065694,0.15757328220963956,0.29038795487015345,1.0523725846019676,1.0917019836729842,3.279711571768651e-18,2.7755575615628914e-17,0.11847370808884902,0.820811626945842,0.07486911193077676,0.5187094973494405,1.3300274360575253,2.0288284482537877,True,True,True,False
paper_rank15,15,external,external_simulation_1,external,interpolated_external,inverse_sqrt_sensitivity,1.5,1,14.433726838114836,0.04191380417674614,0.15189658418065696,0.15189658418065694,0.15757328220963956,0.29038795487015345,1.0523725846019676,1.0917019836729842,3.279711571768651e-18,2.7755575615628914e-17,0.10831309893812745,0.7504167160217231,0.06844814481442929,0.4742236401043681,1.454794330089765,2.2191482996721956,True,True,True,False
paper_rank15,15,external,external_simulation_9,external,interpolated_external,empirical_primary,1.5625,9,14.61333144880617,0.0449899730043619,0.07424406911385344,0.07424406911385348,0.08681174730136589,0.3078693805171807,0.508057107812461,0.5940585663542035,1.6229151269392394e-18,4.163336342344337e-17,0.11883682141683403,0.8132082806247604,0.07636440585010411,0.5225667132619692,0.7305121953478,0.972233965384178,True,True,True,False
paper_rank15,15,external,external_simulation_9,external,interpolated_external,inverse_sqrt_sensitivity,1.5625,9,14.61333144880617,0.0449899730043619,0.07424406911385344,0.07424406911385348,0.08681174730136589,0.3078693805171807,0.508057107812461,0.5940585663542035,1.6229151269392394e-18,4.163336342344337e-17,0.108645070735535,0.743465452187569,0.06981519849104946,0.47775005128452747,0.7990399077808507,1.0634370555198203,True,True,True,False
paper_rank15,15,external,external_simulation_5,external,interpolated_external,empirical_primary,1.625,5,14.753224726665227,0.04762153333457892,0.09393373446693165,0.09393373446693162,0.10531551124141227,0.3227872835727023,0.6366996789329334,0.7138474007724103,1.8431436932253575e-18,2.7755575615628914e-17,0.12032182988169261,0.8155629166565931,0.07724999156851303,0.5236142809435425,0.8752818282847308,1.2159708054287852,True,True,True,False
paper_rank15,15,external,external_simulation_5,external,interpolated_external,inverse_sqrt_sensitivity,1.625,5,14.753224726665227,0.04762153333457892,0.09393373446693165,0.09393373446693162,0.10531551124141227,0.3227872835727023,0.6366996789329334,0.7138474007724103,1.8431436932253575e-18,2.7755575615628914e-17,0.11000272106464902,0.7456181485924785,0.07062483410627204,0.4787077768741876,0.9573900556470593,1.330038302470003,True,True,True,False
paper_rank15,15,external,external_simulation_3,external,interpolated_external,empirical_primary,1.75,3,15.005398606925535,0.04235124547063872,0.052994274906536736,0.052994274906536756,0.06783819842672681,0.28224005626276455,0.35316805834186876,0.45209194506447176,3.2526065174565133e-19,2.0816681711721685e-17,0.11992916861533337,0.7992401385457478,0.07223962985173428,0.48142426432039653,0.5656522029625198,0.7335900670491113,True,True,True,False
paper_rank15,15,external,external_simulation_3,external,interpolated_external,inverse_sqrt_sensitivity,1.75,3,15.005398606925535,0.04235124547063872,0.052994274906536736,0.052994274906536756,0.06783819842672681,0.28224005626276455,0.35316805834186876,0.45209194506447176,3.2526065174565133e-19,2.0816681711721685e-17,0.10964373543586763,0.7306952538086064,0.06604417386443784,0.44013608431538803,0.6187147688561419,0.8024065077309119,True,True,True,False
paper_rank15,15,external,external_simulation_7,external,interpolated_external,empirical_primary,1.875,7,15.146719417145961,0.038384390948218695,0.06187283227575551,0.061872832275755504,0.07281214762860251,0.2534171914795482,0.4084899876452189,0.4807123286787749,2.608861477543245e-19,6.938893903907228e-18,0.12230637844788281,0.8074776793543359,0.07534679508254284,0.49744629848527394,0.5953258411590465,0.8211740420806681,True,True,True,False
paper_rank15,15,external,external_simulation_7,external,interpolated_external,inverse_sqrt_sensitivity,1.875,7,15.146719417145961,0.038384390948218695,0.06187283227575551,0.061872832275755504,0.07281214762860251,0.2534171914795482,0.4084899876452189,0.4807123286787749,2.608861477543245e-19,6.938893903907228e-18,0.11181706965443126,0.7382263219839886,0.06888486063360087,0.45478402772565907,0.6511720245721624,0.8982065392402782,True,True,True,False
